hash,dungeon_id,keystone_level,duration,timestamp,faction,members
86b4f715e9053dc9fa33ee9a5fd8fd92c03510855da3f9daea2cc4e724a6636e,247,11,2030042,1742173153000,HORDE,8babde4168daa7f6a416d7f6c7cd3ec18ee1e277233a77e59275c8fd2bdec869;07569d1cda1531bfee2cad871bdb771e7856249e2f464e64cd178e7a5aa1a9eb;b03789aeef5854b7920c6a8c32845879e4f40ee5e2e9772a55ba01cc514fe31d;20a16b72fd35a057cac8623897de3cc97a3d7e0330f017b32888bebb2216fa13;43b7d95943c34eb38f2c17692f23ea944d1fe052dd97a27f2231f24d2a67c3ec
0949f313bb319a0c543c5b6374f65a3f53b59653b3bae4ad1d31109fd7c05688,370,11,2356201,1742168227000,ALLIANCE,a0c72d1fd764f514daf781226aca3142a4f043f4da067e136ab1208a79fd73ff;34ac0c4bd3d9a80755648aa070c1d613f368ab5f39125f3111a49e724525660e;754fca6ce0a49e1dca0bfe1e508527af5edd117870a7bf7585df97b7398e9c77;b1039a7916501bf8e3dfdb0ff18fac5a60b97d714423f4b9a0964d281a67691b;9ddac62e85f4ae369ca5ee347f2422254127fe91e61ef1cc35509fb52d7a7f06
e9d1aca99d1d507ce0471ab6f732d329037da514a6b1be4237f9c3bde9997137,382,15,2042816,1741901408000,ALLIANCE,ab7ddf30d0a4379f3067168705b1b19276888ea6415eecbdf6bf07ee4779e140;12b749866c8b9291b3afbb2124283eea7b023f6eb1f777bcab742b38a697e1e8;94b08f297904c25bf29922f9f46fec85330848e01a1b0a1d029726ca603202f3;fde3cba9049b6a8da58766260c793af8cee8e3fb3d9d1bbdad41e3d78256573e;2c1d17aec8a027f5a163240f44b6382b8ccef586d591e00d22b245de78ca4ca1
9775c2236dc75036d594a388aeaed9a882c5db493d2be7acec51cc519fb24532,382,14,1884207,1742078841000,ALLIANCE,0cc7fd68e56d059825337d995a668d70e919c0d53899e6d230f916186fdfe7a5;395d40eafd0ced10130e172b3844de1563d7cbec6d471022292b81aece882130;867ae2a9fe005689f95f854ae019924ab5754f83d6c247811adced7c68e07cbb;e7ad7c62444d6bea778ad97a587a590def4f278d9831e1257f99495d882d2c95;214a0d61ebf7967aa00e4ec25c9bc2d9ec48106ca8052c130a0979c7c2a3783b
37a5936fb4442cb96e94b02e486edf85462d805adc379111fa67dd2bd0b9fbcb,382,14,1888943,1742278978000,ALLIANCE,08f632560617ebf3d78d5591e3cc4ec5351e3d14f13b5c10e9981593025ab499;a295c1fd45b152ef3a587ced23a2ee9007344e26e124a110e1e618283beacbaa;5b89e208e9463e24e03ef567d5b3dc1c44cc847300a44d73149030004c9261cb;e24ab22bd1fe5a20fd4fcac0937008b28fadc93a56879f24834b7935cd28296c;6d433e500f1d083edeb2e40890df1578a3d5fb4becd3eb1192eeb7c9a18fc4f2
587b34cc3b6230d5107e9ac4a0fafa8d5a695acd57e0acbfbf3b924081a06a4b,382,14,2024089,1742254503000,ALLIANCE,81dc6cd38b035428a7d2ae5677395f560fd0f06725ae3693d7125fbc85701d85;9a94199a40bd203d29e71b5b2709e63f85c9f413abf52b1f9666dfd34fb6d9f4;d8f4b2ee374e072d1d1de846169561e7fc9bc9ed1014540465ef6f7df9028afc;a7ad6d2f442ae944eb08235da7961d93dc17a8260b0bd1f9188b15964459b3f5;12b749866c8b9291b3afbb2124283eea7b023f6eb1f777bcab742b38a697e1e8
63ef995bbfa74f8898c39c9ea74679d02b4ba1afc8b55c9ca4f3d58b1f39daac,382,13,1675754,1741890679000,ALLIANCE,2c1d17aec8a027f5a163240f44b6382b8ccef586d591e00d22b245de78ca4ca1;87b6c68415f2d12b513e18c2242f6854ee655330e3beb6014339fbe0b45bc9ad;fde3cba9049b6a8da58766260c793af8cee8e3fb3d9d1bbdad41e3d78256573e;ab7ddf30d0a4379f3067168705b1b19276888ea6415eecbdf6bf07ee4779e140;12b749866c8b9291b3afbb2124283eea7b023f6eb1f777bcab742b38a697e1e8
7f59bad7c027310806676a322480155e6d7345a5f3915e4d72aab46390441223,382,13,1790508,1742272613000,HORDE,471f5594a773a49d652c3beee934a937d03c14357de304ca1e347691932755c7;ccb12fd55421cd523ac6719a0a04cec671ad533e0bfa04d90a1519ccf2f6245f;835091f179e11f8b04a5c280ad54eb058158c484d4edf364abdd68ca4bf1cf04;1ca4e3fa3d0bb4432d72458a9d058a762359b3d431ef8a3b1d932d84391aef91;660ac358916966ae968fc0a02bc20b9c21c596c685f6ff13ad44722bdf540f75
9626e34f44d038adaf48aed7ff89d648f6229248b262c5338895ae1cdddcc109,382,13,1792807,1742164630000,ALLIANCE,12b749866c8b9291b3afbb2124283eea7b023f6eb1f777bcab742b38a697e1e8;a69e97061da3a4023743627dde87acd1a8517d97f0400a0f0deda0b8bc80d60f;19335ed8e7d090bc2ba494e6d83ab7c4965b134b4418cb7e6a58f4b59508592f;ca09ffda68c28860ec567f67609d03c7ca79791b19498fea6aff411878f43284;6447e31fe4940497a8fae7a39df4151649ed0887a560c95f73ee4fdb48c4783b
a327376c098779d8ccefadf4de08bcd5f0dc7ce73ac921b2ee10683ffed10605,382,13,1895836,1741940460000,ALLIANCE,e24ab22bd1fe5a20fd4fcac0937008b28fadc93a56879f24834b7935cd28296c;6d433e500f1d083edeb2e40890df1578a3d5fb4becd3eb1192eeb7c9a18fc4f2;a295c1fd45b152ef3a587ced23a2ee9007344e26e124a110e1e618283beacbaa;08f632560617ebf3d78d5591e3cc4ec5351e3d14f13b5c10e9981593025ab499;38d1089d50644c89f4fb1f1af4d6635b98f28b95dfe45d4980b9b3f87c9851d5
67a4ec039075340d063c982ab3eeea87b68fb6cef7a6aaff4e4e1bca3ac7463f,382,13,2083301,1742250441000,ALLIANCE,e31a590c858298a0c02ad64aa29dcf73eb5891315206813638589beeb0b68d8d;475da99bd49e7d53218e0d5b50d1efc451cd71bc92e70a9e793f948040dca514;85dcb83acc2c09f09b231900d8dd467302e7dc9a857cedc05ff16f541e848244;1ca4e3fa3d0bb4432d72458a9d058a762359b3d431ef8a3b1d932d84391aef91;471f5594a773a49d652c3beee934a937d03c14357de304ca1e347691932755c7
6a1e7213c0194d0ee601fb86cbdc2cd3a3c245e6ce0ebeec0d3a3e2f6cc12c4e,382,12,1847389,1741773661000,ALLIANCE,8b9a3e78de79c7e5fb867f4eeddd006976e307b61b140212a560be6ece17b2c5;236f2c49c566a29d15ce2837285796f72e7aeaeed250ad41d5b04ba60db88f31;214a0d61ebf7967aa00e4ec25c9bc2d9ec48106ca8052c130a0979c7c2a3783b;94bdde0362bfda5b2818b82218c50f33a18cda4fcac9e430f19bd38730648f5a;395d40eafd0ced10130e172b3844de1563d7cbec6d471022292b81aece882130
04081539edfa3e67f59c908a33ee49207ba892b11ec89a722f4bdaab41497855,382,12,1970853,1741990087000,HORDE,1ca4e3fa3d0bb4432d72458a9d058a762359b3d431ef8a3b1d932d84391aef91;dbb16e7f67592a29e4bb1fda539a1079f6acb551cea954493a0bc7f23f7278db;b430e6260da68837fc2de686997d68817dd3fcdfe1d7afa3527e4b1a0cdd6462;2da31cab97f103b4f26c3d3b7c4d1715a3ec602cc74b414afa0f6b462abaf038;d7027517bc97608ef89fb1c72229e70ad5bcfb14c79df2e7cf78d07ed444e4af
0abcd67acd5ea05c2d80f03dc1659df312412f1b6f06f81b1c7e0e2da1f7450c,382,11,1749367,1742160253000,HORDE,29043c03077c6fc6f25ef3c06c63a362dc158ff9147bd7641606ed8e54f66068;c5a5903004e916dec4b11b9e4021e8efb101621662e10cd95a2aa1fc3510ae53;1c350f708b3b8c256065d6772925bdbfd38efe39b61c1f5d83e83dbde2051fe9;3232769bee26f6abffe108c6da2f6b73e55814c215573baa6f32f3b4e24e6fc0;83810ae38154ce6c006637b0b635d2ec984fb80064c12c4e69d65a19792661e1
fa720e7ca9473e1df4e9f568133554a5c32215db125c3c9ce7da9274cc00911e,247,11,2174579,1742064496000,ALLIANCE,9fb6a56e67b4569bcc01e770abc1c3a9333ae8dcb46813638f9803403c18f12b;725fe12176595caf59a15b533145dbc557462581e14ff68f1a7c915b1653d381;5a6de2f85eee8a3b4653ab99e84cbf137a3180e816c505ab28129dc1b12c9d9d;fc7d3a8fd79a0b290dfc8383fd4e0f2199d7ad13da39b6e90e697388a121b027;68593f06edd7e5fcfb45d175746ac8e06e70cdf81dfd744c0b55b026dca226fc
2c91667638375eb2070ffc4d9a3fc457d0e632bb8f308f551e9aac3d30960308,247,11,2195496,1742157776000,ALLIANCE,2be173cecde91367de1e30b4a9fff3698d29fdac40b53616208def4ef7d90c2c;7721b16ecee3212f15bd5eef51a04cd434f1fdc183f42417e1d98e7b0e20fa3f;56f84ffcde394fc8ae63abdb3c2ca0c5d7ff12485b0ec3fe9fb3cea9f967f244;242c0ba4f16fbc085417dcea6b736c962f9f7a0b8faac2b0204f4fdff8625179;ec60de58828c09a96128a0404745c1fa69025100e6e27f9de2c9e4ea17f1d939
42318a30937f1c2790bac6fdf5ad59dd1bc2f6d6b254ceb164a3a752f682544a,370,10,1327958,1742100406000,ALLIANCE,12b749866c8b9291b3afbb2124283eea7b023f6eb1f777bcab742b38a697e1e8;33e660fbfdd71f1659f6d7edd997080be004b06c458ea0e0cb417e7c8a8496cb;f2d177059bf3bc5f04b966cf5acb7deb4b6f43626bb3d4711ddd1c8d8aaf7dc1;da26997bdf28c4e2583ddf6165e99af47ee72c4a47705ac47b205b64de741001;c249d054dfefd43febd91d3ea51d1e456be65b402006ababf0a119f2fbd3eb36
c909c40f6c7f5a97976678fda3cddaebf31f6659568f3a0fe92b26a501d24c0d,382,11,1757886,1742250714000,ALLIANCE,0c1e97602ad6e1fa81fa34215aff36c0ea6f13e66b1c9a0524f8da866e68b6e8;dcbb935ea5d2650e6ee0f7dc34de96d679b40484c06e4f731d29a6bfd7d6e601;42fdb06c3ef0a4e051044c3722b2ecee65a1d97e49dbe1f4d7ab4ab0e005f806;3f5248718cac0610d023ab0cd7cd91d8416873e33b9f132723f39b71b5852e5c;921c1cca7498cfa03d22dbb6367bbbe153e797db90de30a65affc02898cba43c
ee72d605ca293cae53211b6f479c71e009ad6192b5d8f71da43fec837485994f,500,10,1678650,1741965526000,HORDE,69e210be24d692a5c972a22ae8fd80313202322dda32070dbbf3bc3710b19a93;c2df6549fdb6424395db878c2982b2a698d94a5586b381be0f250873866e6f6d;384b24c9940b0e741c98ed9f5e6727adfd00834ae983b7158cbb1d97951e9080;4f35e7b2bf0de6ed31229bd30c7c220fc8986a63b18a7be5cb93769133ae6d19;634f14362407eae510a4f07af6022453fcc6e361d37d8ff0de666e8af538429e
ed8c3ef69a1015e59fdea4ce45ee8cf1fc1e14c391649d14daed7ac0e3c944d2,504,15,1813232,1742192924000,ALLIANCE,a295c1fd45b152ef3a587ced23a2ee9007344e26e124a110e1e618283beacbaa;38d1089d50644c89f4fb1f1af4d6635b98f28b95dfe45d4980b9b3f87c9851d5;e24ab22bd1fe5a20fd4fcac0937008b28fadc93a56879f24834b7935cd28296c;08f632560617ebf3d78d5591e3cc4ec5351e3d14f13b5c10e9981593025ab499;6d433e500f1d083edeb2e40890df1578a3d5fb4becd3eb1192eeb7c9a18fc4f2
1c7c8ba53df4126eaffc65d6e9444351e365956908f44562c6e110c7ade36a57,504,15,1961760,1742081055000,ALLIANCE,e7ad7c62444d6bea778ad97a587a590def4f278d9831e1257f99495d882d2c95;395d40eafd0ced10130e172b3844de1563d7cbec6d471022292b81aece882130;214a0d61ebf7967aa00e4ec25c9bc2d9ec48106ca8052c130a0979c7c2a3783b;867ae2a9fe005689f95f854ae019924ab5754f83d6c247811adced7c68e07cbb;0cc7fd68e56d059825337d995a668d70e919c0d53899e6d230f916186fdfe7a5
67d96b9ca8aa1293e902941948c66d4aa3ef162672262726e631e2b785df8f1f,504,15,1988884,1742288936000,ALLIANCE,e24ab22bd1fe5a20fd4fcac0937008b28fadc93a56879f24834b7935cd28296c;6d433e500f1d083edeb2e40890df1578a3d5fb4becd3eb1192eeb7c9a18fc4f2;08f632560617ebf3d78d5591e3cc4ec5351e3d14f13b5c10e9981593025ab499;5b89e208e9463e24e03ef567d5b3dc1c44cc847300a44d73149030004c9261cb;a295c1fd45b152ef3a587ced23a2ee9007344e26e124a110e1e618283beacbaa
e20979bf6b75649c1173be79309624281fc06cdf607b1d89593616b504c85b84,504,14,1519756,1742098921000,ALLIANCE,867ae2a9fe005689f95f854ae019924ab5754f83d6c247811adced7c68e07cbb;94bdde0362bfda5b2818b82218c50f33a18cda4fcac9e430f19bd38730648f5a;f628d063c33b289417c413784d7236bebc565e5c039d86dede00028f19961bc0;395d40eafd0ced10130e172b3844de1563d7cbec6d471022292b81aece882130;1462bf26d05b7b720f31339c9385a45244c4d023168de9f93eb2586c078f8517
f6bc39a1dbf93db3acfd4039d1497b483cf9aa1523c1f23571f75bc67d534044,504,14,2005799,1742178347000,ALLIANCE,12b749866c8b9291b3afbb2124283eea7b023f6eb1f777bcab742b38a697e1e8;d5bf1c009e9bebc37dd57b68c7d391a41efca77e6d08695b5f3e300e26a866c3;305096352b7e38fac913feae42fa241fd86da21181ac0855b6b424990b7ec868;20f02818528396d3f87a58d4b29e91d7d41e9fe1592e9cf6b9f2e6fa2b0ecbe4;7483199708a6c45b390f22ed8a5b138c4bfedcc736ae962984397776ef9c3b05
b04e9a2a0cbf9a102f2bd94403637fdb0703ede25e68ac342da94049f1112a5b,504,14,2118775,1741843590000,ALLIANCE,56c31af19b4bb54b1212aa1a8ba9fcaedaeb319031ec52fcbe446508ce5fdcf7;eda0c660128fbc7dfce68cbc39d0c7399f394646e54ad72b587445ab6b8f8298;7e1026bbc7d945b3dd3db0321de97188f70befc9d92bdf71086827fe6021c8ec;12b749866c8b9291b3afbb2124283eea7b023f6eb1f777bcab742b38a697e1e8;42dc2cdf434c94063e520c9d8cd96cd81fe6532f71890303f07c3065883669cc
7d80ca2066a15b09ad83fc23f7271d0c07265d69ad2785ad51436dcf264c7618,504,14,2145054,1742273526000,ALLIANCE,632f635af91152356dff54e81f039cb84373411821af831e3d4a62f92d68f116;475da99bd49e7d53218e0d5b50d1efc451cd71bc92e70a9e793f948040dca514;7dab11b7daa247ea59c96ed8f6c8f505463ef9240234e5a35632d7b36119ab12;12b749866c8b9291b3afbb2124283eea7b023f6eb1f777bcab742b38a697e1e8;41fa253ae00eb6d6a5daffb69eb72f3f8a87cfa02f0c582cd2612a96d078603d
15e382e556cfec0769a91397c0060ae7ce88febd4c7cc54702af46e881a88de9,504,13,1582670,1741894924000,HORDE,fde3cba9049b6a8da58766260c793af8cee8e3fb3d9d1bbdad41e3d78256573e;12b749866c8b9291b3afbb2124283eea7b023f6eb1f777bcab742b38a697e1e8;ab7ddf30d0a4379f3067168705b1b19276888ea6415eecbdf6bf07ee4779e140;2c1d17aec8a027f5a163240f44b6382b8ccef586d591e00d22b245de78ca4ca1;9e467ac9c309158a428087a539ccb0e30ece9b81cc1a5e34a13cff3e8423e0b3
3b96d6d178d5d1f27571165e4ee5097bd92af98bf7642d9be9adfddbb7c20451,504,13,1724629,1742150757000,HORDE,040c6dab86fe75f0590df42e9595033d783c4a5923809918cc8080319fc586e9;1ca4e3fa3d0bb4432d72458a9d058a762359b3d431ef8a3b1d932d84391aef91;6a7c2ce16f287b0c670cb60041a4dd1b07431955c1741826e20b36c4e4feead3;2844920c49793b5f2b3119724476c7b569708ccf572eed374195f192ca2d484f;26883bdc899f0335db75f77e08e5eb1c7a1d268e7cc5560f444bae950b4b0cd8
92b6accf83489d1b73bb897d265b06ce2c4edfadeb3236c64000f712820ca64f,504,13,1750245,1742205955000,HORDE,6d433e500f1d083edeb2e40890df1578a3d5fb4becd3eb1192eeb7c9a18fc4f2;a295c1fd45b152ef3a587ced23a2ee9007344e26e124a110e1e618283beacbaa;b60b5215428c5fb8b27209e288a695b8d44fa81fa6444fc46da9c96f051c02a3;08f632560617ebf3d78d5591e3cc4ec5351e3d14f13b5c10e9981593025ab499;e24ab22bd1fe5a20fd4fcac0937008b28fadc93a56879f24834b7935cd28296c
b905ac215587d8fb3a7030ad75bd59bd79f85c6a728731920edb8c53b5d32025,504,13,1986389,1742106027000,ALLIANCE,fb4a9f41b9da2f9f6fb2c8cea4c3566eb30639bf2a0e6febdb1929c9a2339427;466d77d1a0a8a91acb5025fdb5f640ffd20a4bc48b2745558c86def803f07bee;88a54d6fbcecf2893d28796c5258563a0fdf48a0cca4b984d984401cfe37e5ab;1ca4e3fa3d0bb4432d72458a9d058a762359b3d431ef8a3b1d932d84391aef91;599773cd5b4ec767d925f3dd655cdf779e4f4e9b877e72a01a93d5e232592dd2
1070efd34479057a19521e88ed6e2fe5417c1c9514db50b4d53c24aa8a14c73e,504,13,2470006,1742095179000,HORDE,cd521d876780abf8e65865071577539944dc96c4e46b6c1b483de7b186ac1836;16321e734b293daab6d520aa4f5b7ead0ca34e3254698ca37879bffd6a423bdb;1ca4e3fa3d0bb4432d72458a9d058a762359b3d431ef8a3b1d932d84391aef91;fc8acc006694d0139540a42858ac9b56b268eae7e273869ebb49dd5ba553aabb;48b9e116dbf047f348f012b6aea093d08cc54e1c90cf1b4dc7efe3e799bb32f3
d8570e1feec7549fb56e9ef60a224ea22335ad4c361c1ec63fdfdf62808fb83b,504,12,1438628,1741776940000,ALLIANCE,6bcd9449c6b0811baf10e63822b3995123b7d0e03885fddfd4722b2f49f05a5f;08f632560617ebf3d78d5591e3cc4ec5351e3d14f13b5c10e9981593025ab499;5b89e208e9463e24e03ef567d5b3dc1c44cc847300a44d73149030004c9261cb;6d433e500f1d083edeb2e40890df1578a3d5fb4becd3eb1192eeb7c9a18fc4f2;e24ab22bd1fe5a20fd4fcac0937008b28fadc93a56879f24834b7935cd28296c
8bd5e50afb903ee2a43f2e77938cb7926ef91c7f43d946e50ae0beee8be71d15,504,12,1473712,1742236463000,HORDE,df29c65f4ab9644d4abbad4d8c88e107c5ad09ea39f543fb2e2d80c171d457a0;c2149fab206ae8b0d6e2ab8677da1aee8f4ab1770cbf08babcdaecfe4040612d;cb9e9213482b9c026e1a4fc080092a8b75ab07ab4e32ef44a9cdf860b2724800;c8b54476294c30b5acaac6610b18e613b5ddd7a4292912a996dd83798e9cf3db;f0b69f83a59a47687acfd64b4b1994e5d57080a732b50dfc609a584bd48e7124
9d726ca61b2024c6ee2093c914c34263b8d893f069124c1edefc935a8ab87f78,504,12,1528952,1742107058000,ALLIANCE,8b9a3e78de79c7e5fb867f4eeddd006976e307b61b140212a560be6ece17b2c5;395d40eafd0ced10130e172b3844de1563d7cbec6d471022292b81aece882130;e7ad7c62444d6bea778ad97a587a590def4f278d9831e1257f99495d882d2c95;e30349bbdf3cb8a012e37cdb37e9db58ccf7f6243a5a89974f8e6ee51cee4b0e;a27fc671b6ee47e763e368ac8b8b6e606baedac5fb54048a9993b7adc487be4c
1b1223706b5d3a9fb7d2c29d85c361e6c479fcab89fd790c1efff3ba722544b8,504,12,1553500,1742012887000,ALLIANCE,d1d732c40e9dc1b170193a63e8bb46ef004fc29af59c1cbbcf599b57a9c14902;1d1ee68fe9b523de91960cc0a01f7ff2661120193539abf0f4f84f739a91ffba;d87950437effabce162132d7a7cd38beef851d6d4c748b2cb51c72d00bdeea4e;18951acd83611fa78161132a123118a82adc1469156ed495dbafa35107ae7f3a;395d40eafd0ced10130e172b3844de1563d7cbec6d471022292b81aece882130
9491878b3334d442bbd777134e2c03f36314d912dd085add22ad096e7c898999,504,12,1566219,1742003055000,ALLIANCE,ddc84e835b77f43d344e1e3187fba161ad4e54bd92e26a421563e7b895aa8452;c29ebb558bd07c399f966029f1908997b7e6a45b3faadea82a053307644cdb30;e52700b8315651a08d8da6e3b70c6f1c8537676b2835084a3a3f1351c1ee2e77;21e4eae61a43c9710710d70d55bea92619fb23cc7b33f354214271597d10b2c3;711c65481b457c3bcf32bc9064f41f2f1d9068f3b204abfe44774d3b98dbedae
ea16433fd2818d501f8ac1f0ee0dde0d54d836e181319cdb7a5f889670f29036,504,12,1654231,1741987650000,ALLIANCE,a1137caa167ec92294328b1b44ae3ef5f7e08aba90baf3c519addb89927cef3e;f5f123c59473c08048da0dbcb4e214da7d35c932f9c3122b76f4c83948ff92b8;dbb16e7f67592a29e4bb1fda539a1079f6acb551cea954493a0bc7f23f7278db;d7027517bc97608ef89fb1c72229e70ad5bcfb14c79df2e7cf78d07ed444e4af;1ca4e3fa3d0bb4432d72458a9d058a762359b3d431ef8a3b1d932d84391aef91
5c82fe93df4da3d4dd3573aafb9233afd45b9f3a6126338f49dddf0e0b7c3430,504,12,1661583,1742234191000,HORDE,c8b54476294c30b5acaac6610b18e613b5ddd7a4292912a996dd83798e9cf3db;df29c65f4ab9644d4abbad4d8c88e107c5ad09ea39f543fb2e2d80c171d457a0;f0b69f83a59a47687acfd64b4b1994e5d57080a732b50dfc609a584bd48e7124;dac6c0a7df1c41f29e6df04b1c39b3de52980d51b996180a94bfa85245ac8d43;cb9e9213482b9c026e1a4fc080092a8b75ab07ab4e32ef44a9cdf860b2724800
0901c5b0875ff535cddfe4d4ef9ac4c13eba1f535d4ae671187936c0be2735a7,504,12,1680971,1742014596000,ALLIANCE,db3112d08a0bd5182bc3dcfa4bdedd79f44c0ac053835de51698783a1d701d1d;45f7e7ce9cf86394bc7f90a7b14ab386e274eef070522bf538a923e03e145872;dbb16e7f67592a29e4bb1fda539a1079f6acb551cea954493a0bc7f23f7278db;1d952885f354fb4c8ea4a38c19d546b07b5ed0ecd93639b0bc2b649406980029;fccc1622f1cba8996b17589b310e2736b3e58d38e8f515945d74fbbb96dcd40c
be039251521fb067c6418bffcb0968b81d3a9e1396a067039fe68852ea3df535,499,11,2164257,1742009086000,ALLIANCE,485508282ddd1c201dc7151d8c9399bc84e499d813ee5c69c741b22692aef526;e42bb80bb2089a5f5d747df39b0846fa5fb568c9435c98a6c394dae966e2e1b4;37908b8cd5210710103b7a2859e6e328bdad4092a35f6703b600faa761048a01;a31eda084d0121c7994bccdc388bce146bf606fb9bdf810cf356b3fc9ba41304;97af43589af69f0128d9270867fd082b896f26cb0fb016d071ed7e8bde5d553f
6cebb08f66dcd1e2eba796b17752f8bee99e96d3e57999d8e35ee7d780bc7397,247,11,3223795,1742163637000,HORDE,cd749a249bb01bee530517b58234c24f8a733f67f79fdc2a896cb4151f6a780b;328087280e950048b274153969b46f1879b74903412d8ce990125bfa413f4fc7;1d56e3660debe8ac7c2a231a531b36d048114123c9aa4d152f17c6a31159e453;664c792dee6ccae3cfb2582421f5070c1f58df431d2f42a1971dd85f95444841;bad7b103b9acdbd8b6e7d2649fe48773a2123f6161781609f57ebb522ed1058a
15df985f750d40b307b00508535ae79b780974611c99221ccf62350e1e70e5b2,500,10,1683913,1742092752000,ALLIANCE,44ee6b6eb9e55b753a3b37e00053f8bc3e17505c4d0c6b622dde456ef3a322d4;6282d9f1627f28702ecbcc6fd436921bca1f216514b2b39dc6bc931aa84c4824;c6852ea3a781076132910f391d446fb04f1076fb1a9a7f421ef92598618e2c8d;55b4f171ffa3d7f2271caa2d9ba673a8225ff54cf5f626d659e5c6f855736455;5dbf077ea54e57ec7bbbac99365a3b36979e8a5cb1748cafccff189311602400
fe17e8e289650251eb248a949bca216afb41188ba8253838844056a6cca88ce3,499,11,2224660,1741852300000,HORDE,975786ea59f0490ad9bf035b90544957bcfc3c5fdb49b2e89105ea2d44ab3c1a;491269a8abd6314a58548f3b332c131678bc48573b0780d422ebbc3819acb6ee;5eb47e22d401d41551a41ad58320280f7cf9edaa484c95f186c0740ebdd9865f;5f70fb694ed5974d41d45ea0c34b8b10b650f83a20ebf10602ec5f7a206ed3f1;d98a84fa6e4a20290b59fb33d1d1f20bbef4836a30b28437e2270a731e8813cc
d7329ee690177fc0aa24d4043c12547a8f6b1b041ca3af8b8428b99b361a3393,382,11,1834242,1742082315000,ALLIANCE,11a4c5931fe7721be5389b3183b33c34d04e5c8aa85a4c60b24f03d89faa5358;ae8d00131dcd2dcb551bec15ac4bf5bb6cf40659c5aa6fd92c9e27843eb8f817;bbfe8f33376adf2555f429a4f1a351c77aa6b7f2f523bcdebae871d4a220398c;80a5a961a1c8f0f63528e37c9d2b9f9ba9b139f63d45ea6f7b6b75b009c3ab61;aea787685f3dc2ba4e817cff0f4a6f8f4692d4e6342bdbd2020af69fbf377e93
57837f6636da84c5046ff749de8426ecc84338c7747078c6f490686b1ef91619,382,11,1847312,1741739306000,ALLIANCE,0c65aace1a31d30b56bdf98146813d0c572dc1378cd30f18487cfc26c84055c0;6a0661efd2c0ebe08633570e0d9db3e16256999300c1a1365aab31ff50cbcc58;1ca4e3fa3d0bb4432d72458a9d058a762359b3d431ef8a3b1d932d84391aef91;eeaca094c60462c9fef00a491bdfb49f284f7b23ac391ef6af0f68ca34d24e0f;81fa42d2f850de327feea0965b94e5cac7e8032eef0203245164222dd5ab0a4d
6ee1460abc12c971fa098d1c519b4e121996371deb281a2621ae46ef25ea6c7f,382,11,1850303,1741942377000,HORDE,92b69634f5476f4be1fd9ff7ed0e035826628d4379d5b8036ac835aa24c45fef;aba2493d43afa4122d8c9306bd6537e7b99ccfc7dbb8206d42e9181f4d7c39a2;6598345daa31993ed1bd1cc3c17a2b51978a6c9871ebbf73be52ec8fe519bb95;82436d277fb70a04910af18fd3ef64caf00d25d4222c28ddae3b5b99733c2b78;baea59653855f8d0dfed37defd8073789342fad020e1dad6321b9357cc7c152c
0d9b016ca31557a48bdb93b6dcfe6096cd45a6aa420b025ee941a44e568a66ad,504,12,2002123,1742159845000,HORDE,87a6c2bc48aad2d5fae512a67f1afcfe4e7b59f3b88e43469202ff873882f418;d9a5aac22a44fba7977f89733b864c918d0b468b028a1cee17cb324aae9fd384;8cd1d2aca6bec7c4d531a2856f9b474da8181842801c62398c38c7a90ba33715;ae28bb466d275e70a6ef676481c4ec0992941225d2ce1350863b9262747f427c;ae32c020ccc5fa9b9919224ff40644d51a9a96dffa53cf28ef38106c06eff103
e150f55dac00817de3cc07d2f746b4f0bc1b56d009480ac12be395828e1a112b,506,14,1807504,1742188725000,ALLIANCE,e24ab22bd1fe5a20fd4fcac0937008b28fadc93a56879f24834b7935cd28296c;08f632560617ebf3d78d5591e3cc4ec5351e3d14f13b5c10e9981593025ab499;a295c1fd45b152ef3a587ced23a2ee9007344e26e124a110e1e618283beacbaa;38d1089d50644c89f4fb1f1af4d6635b98f28b95dfe45d4980b9b3f87c9851d5;6d433e500f1d083edeb2e40890df1578a3d5fb4becd3eb1192eeb7c9a18fc4f2
c8b9bbda61f20d6429c75f98e15587ada11755e1c38f35cd21b593e078861c77,506,13,1685061,1742190029000,ALLIANCE,1a846611f99d8ec5275faad1800c18a53f46cd25bcd419f0924cd73a1a355187;12b749866c8b9291b3afbb2124283eea7b023f6eb1f777bcab742b38a697e1e8;8d2cfc139f6e262efdc624daa0cd414d805273975fc1aa424f37b438454f55c8;305096352b7e38fac913feae42fa241fd86da21181ac0855b6b424990b7ec868;7c89b76be26923eb16b1d64d7bc545bf5b4390e0ca6b5df15fae4f2903777f71
1d22038b99854eab3cb0ed88db2d5fbda71ec307c4834a13a61a69d3b82ee72b,506,13,1735449,1742158646000,ALLIANCE,6447e31fe4940497a8fae7a39df4151649ed0887a560c95f73ee4fdb48c4783b;a69e97061da3a4023743627dde87acd1a8517d97f0400a0f0deda0b8bc80d60f;a935181417b3d7ce0457dcd75ba52d4590e1114cfbbd783b1db589aeb4380d12;12b749866c8b9291b3afbb2124283eea7b023f6eb1f777bcab742b38a697e1e8;19335ed8e7d090bc2ba494e6d83ab7c4965b134b4418cb7e6a58f4b59508592f
c7bfd6f460f3487d25d6526cb7904a5dba2048ece3cedcebc7cfb43094f2bdef,506,13,1890523,1741845768000,ALLIANCE,12b749866c8b9291b3afbb2124283eea7b023f6eb1f777bcab742b38a697e1e8;be79f11089d03b7bed4f08e6a7d69cc8132542a04bbadd456a1fd54442aca2ec;7e1026bbc7d945b3dd3db0321de97188f70befc9d92bdf71086827fe6021c8ec;eda0c660128fbc7dfce68cbc39d0c7399f394646e54ad72b587445ab6b8f8298;56c31af19b4bb54b1212aa1a8ba9fcaedaeb319031ec52fcbe446508ce5fdcf7
91d1a35f6e27da3a002a22121053543f614c6e4ecc5f18beb225374e26dd23ab,506,13,1914894,1741825771000,ALLIANCE,ef8290cb68ce14836d3d546a56d807fe48c9af2d03a2b5d2474a982ce082b85c;395d40eafd0ced10130e172b3844de1563d7cbec6d471022292b81aece882130;94bdde0362bfda5b2818b82218c50f33a18cda4fcac9e430f19bd38730648f5a;1462bf26d05b7b720f31339c9385a45244c4d023168de9f93eb2586c078f8517;f628d063c33b289417c413784d7236bebc565e5c039d86dede00028f19961bc0
9b296ad8a0fd27467f0bb853bfa8edc2a9a7ae29753cdc97aa246ed6ff1c1190,506,13,1918853,1741770913000,ALLIANCE,94bdde0362bfda5b2818b82218c50f33a18cda4fcac9e430f19bd38730648f5a;8b9a3e78de79c7e5fb867f4eeddd006976e307b61b140212a560be6ece17b2c5;236f2c49c566a29d15ce2837285796f72e7aeaeed250ad41d5b04ba60db88f31;395d40eafd0ced10130e172b3844de1563d7cbec6d471022292b81aece882130;ab7ddf30d0a4379f3067168705b1b19276888ea6415eecbdf6bf07ee4779e140
48c227599110b96fe40ce2465ce4a3222d1213eacc10676dc10b787bf1ab9d0f,506,13,1959311,1741898776000,ALLIANCE,9e467ac9c309158a428087a539ccb0e30ece9b81cc1a5e34a13cff3e8423e0b3;ab7ddf30d0a4379f3067168705b1b19276888ea6415eecbdf6bf07ee4779e140;12b749866c8b9291b3afbb2124283eea7b023f6eb1f777bcab742b38a697e1e8;2c1d17aec8a027f5a163240f44b6382b8ccef586d591e00d22b245de78ca4ca1;fde3cba9049b6a8da58766260c793af8cee8e3fb3d9d1bbdad41e3d78256573e
487c31826c0ff1abf476cdfe8fb9aaf167fcbb3412b7b83117043be5b01d4536,506,13,1960547,1742091776000,HORDE,e30349bbdf3cb8a012e37cdb37e9db58ccf7f6243a5a89974f8e6ee51cee4b0e;fde3cba9049b6a8da58766260c793af8cee8e3fb3d9d1bbdad41e3d78256573e;12b749866c8b9291b3afbb2124283eea7b023f6eb1f777bcab742b38a697e1e8;b607c3586038b3416ff739655bc8202801f63893efb3d76c4b7ca9c81b695f1d;6447e31fe4940497a8fae7a39df4151649ed0887a560c95f73ee4fdb48c4783b
64c89a439dd1d9c9ac6238cf055d189fbf8c45a0e79a26fac2546eca22c91485,506,13,2251583,1742259266000,ALLIANCE,0ab13d7373fdecfda93df50ca87db7fbfe3d5da28d8d98ebd93323ce761591ff;e24ab22bd1fe5a20fd4fcac0937008b28fadc93a56879f24834b7935cd28296c;38d1089d50644c89f4fb1f1af4d6635b98f28b95dfe45d4980b9b3f87c9851d5;5b89e208e9463e24e03ef567d5b3dc1c44cc847300a44d73149030004c9261cb;08f632560617ebf3d78d5591e3cc4ec5351e3d14f13b5c10e9981593025ab499
597a7f5e8bccaa4e8ae9454ff1c00f9d8c4cf458a1d666eb72cae8162871e6cd,506,13,2327472,1742105109000,ALLIANCE,e7ad7c62444d6bea778ad97a587a590def4f278d9831e1257f99495d882d2c95;a27fc671b6ee47e763e368ac8b8b6e606baedac5fb54048a9993b7adc487be4c;395d40eafd0ced10130e172b3844de1563d7cbec6d471022292b81aece882130;e30349bbdf3cb8a012e37cdb37e9db58ccf7f6243a5a89974f8e6ee51cee4b0e;8b9a3e78de79c7e5fb867f4eeddd006976e307b61b140212a560be6ece17b2c5
c9c4df43a71f954b99a1bb6aaf033edbe1b236be7285c141bcbd9ab2ff32200d,506,12,1569509,1741837911000,ALLIANCE,42dc2cdf434c94063e520c9d8cd96cd81fe6532f71890303f07c3065883669cc;eda0c660128fbc7dfce68cbc39d0c7399f394646e54ad72b587445ab6b8f8298;12b749866c8b9291b3afbb2124283eea7b023f6eb1f777bcab742b38a697e1e8;7e1026bbc7d945b3dd3db0321de97188f70befc9d92bdf71086827fe6021c8ec;56c31af19b4bb54b1212aa1a8ba9fcaedaeb319031ec52fcbe446508ce5fdcf7
796d65f5855b16458a1d612013df2b756e4f064b922307d1d2b6737d228b2803,506,12,1589896,1742156657000,ALLIANCE,2642b9b7d2c0a823be4cb5992afe00acf5171a5769e60403e067820e6c07258c;12b749866c8b9291b3afbb2124283eea7b023f6eb1f777bcab742b38a697e1e8;ca09ffda68c28860ec567f67609d03c7ca79791b19498fea6aff411878f43284;a69e97061da3a4023743627dde87acd1a8517d97f0400a0f0deda0b8bc80d60f;19335ed8e7d090bc2ba494e6d83ab7c4965b134b4418cb7e6a58f4b59508592f
2a71d20f3bc7763c66e753e69dc79beeea20357216ca799d453444935967627a,506,12,1789028,1742148328000,ALLIANCE,26883bdc899f0335db75f77e08e5eb1c7a1d268e7cc5560f444bae950b4b0cd8;2844920c49793b5f2b3119724476c7b569708ccf572eed374195f192ca2d484f;1cba128a437569b287a5667799407f683a8ba7c258548b3ba4022139774bd104;7f0175c3e779b852c1258025f1f5cd98632ad4f0d0ccaeba0673243d8910babc;1ca4e3fa3d0bb4432d72458a9d058a762359b3d431ef8a3b1d932d84391aef91
2d0fe8d9b3485329958db7cf52fadd4aa7f281bfe69de70608f8f9dc4846b516,506,12,1841290,1741774950000,ALLIANCE,e24ab22bd1fe5a20fd4fcac0937008b28fadc93a56879f24834b7935cd28296c;5b89e208e9463e24e03ef567d5b3dc1c44cc847300a44d73149030004c9261cb;6bcd9449c6b0811baf10e63822b3995123b7d0e03885fddfd4722b2f49f05a5f;08f632560617ebf3d78d5591e3cc4ec5351e3d14f13b5c10e9981593025ab499;6d433e500f1d083edeb2e40890df1578a3d5fb4becd3eb1192eeb7c9a18fc4f2
7f6bbf57257aaa8ae4611746c2c8eb6a64fab4322de75124d55c5fd68bbab1f3,506,12,2114737,1742101422000,HORDE,e3606f235d8f78fa116d9621b392ebdcc7dd7926ada96c8d17c760620ac12d2d;1ca4e3fa3d0bb4432d72458a9d058a762359b3d431ef8a3b1d932d84391aef91;a3bc72d3b37e9a94f1207778d3a2a8e1d7b286f6a6a9c9855ab001d86f7977d4;6698a42e14611d14fd95bb4a42352b7aaaff1f81b2d9d32a6d227317e0b2e17f;d1c5db59549a135f1bda2ae2881a5889c8b8debfe450bd10128b04ed96efc9c7
335497fb446741b6d7606bbb8d9ff0a63fa824ae297f40caebb226695e15ee6a,506,12,2219071,1742273730000,ALLIANCE,c695d59a60f904b9d30262daece9a13a4115e2cee0910c87f41d0a7627453b5d;c785a0c55ebb170a6030fb9c83725c5dc1517972862e0a197566052de5417b18;08f632560617ebf3d78d5591e3cc4ec5351e3d14f13b5c10e9981593025ab499;e24ab22bd1fe5a20fd4fcac0937008b28fadc93a56879f24834b7935cd28296c;6d433e500f1d083edeb2e40890df1578a3d5fb4becd3eb1192eeb7c9a18fc4f2
ed223465ce8d53c26f4cfb6fa362e2ed24d386b65c59f5c9b53e8964ccd99542,506,11,1596181,1741993100000,HORDE,8cd1d2aca6bec7c4d531a2856f9b474da8181842801c62398c38c7a90ba33715;92a4d9b283253d6e9b061f4745cc0eb64f708bd362d04d51ed2c1fe372dc49fe;fb13c7d6733c0a097eb4124095911cd09f97c14a7c843ff859a2f1cc4f2db3c9;19ba8be1fed15c6f28e4495c16e07f666bd59c4b1683f68588e271011107f650;39b4a9bb868697ab2bd1fbe6614090ade5d251a2055190edee3e5f090cc390cd
0f29613b1a642127ca44af4112b8dcdb0b9910a0ea83294f63b4dbf11e598fea,506,11,1701915,1742071781000,ALLIANCE,49981389c4d61789f656e611248e9e9c1ba689a8312b4b9df2a388bc3d4d9efb;5ddd89dd4cf6ce12c9567ebd6574740c5776396b15313edd16225f103db1c813;f212f3d78bf3fa9d9af56d229b1b481cd529b602f10f704fd5d7a6fd5d2a0e84;6fc38a174b61fc2f67ba50f1afc1c1a3e2d9226836681bfefa3a6bd1ec249697;e24ab22bd1fe5a20fd4fcac0937008b28fadc93a56879f24834b7935cd28296c
50c54a653c43dc51db8942ce72de35ba6abab820fcbac17b21e29487f2c3b18c,506,11,1724980,1742256654000,HORDE,a1f807ca60e1b49902731d2c50485759fd0caea9472b580f9f9f04488e1b386b;e82c528f4d700c30c86d9e53e0cb9700249f69956a57773d5f43f625e412b455;bea2428d62c55a549ac5ee41bb02e61030a52cd671caed400395d795626b6571;84bf11940fccf767e2c60ad873c7b61f41d5b7339c92cbfe1dfd84f230162f58;9fdfa173f6b1176e9fb01a23bfd9ef8fb31fa7df67f2eb091291649dc2536559
d2efde8aac54c7d785c2402c376f94ae99202b434400f53e58dcc1111b4b2fcc,499,11,2302897,1741726075000,HORDE,7c16905fda690a37ecc89b28a4cf2f9f6dd1d343129889216a900a98d93adb19;f5c2b29d43f67a849b8f48b7643253f4aff026e3d10a358ce2b90363f15c28e1;5279da4ac5ac1b8251d19751ff1a399fa54aa5accfc72370e7bd3b0cb2db5942;eceefcc340af11038fbdc0519faa6fb674c306034acd9df114fa5507c5b20ba4;f8bae102780c39c2846c4cc61a707c99e5ce81444404941254aa120f40ec7a00
1cef746e693380cab2fc65748c4e344e3c64eb478f44d839a1949565f74ebe4c,499,11,2410867,1742264710000,ALLIANCE,3cd1e934aacd6f67f4dda359dc2592f690c03396b31bc508f81bef0399dfe0cb;145d10f2208874a32d5cfe40260b92378353eadef9ec21806d98fdea1a8c878b;ee1305116fc07029f64cdede84d5c4dbbef951f5193ab960d54860acfe5e7798;5a7ca33329e26178d9a193c4701466435df6bdc61c509074d205af2ba37f4b97;b043f0b5d39648dbf86446be27aa9589f0d632b599f3c321c96ec85f13b5eaf9
6d5f4d4a5382bc57d107264d143dc116c116d7a55571d8341bb1575f73f16a8e,504,12,2008533,1741998731000,ALLIANCE,416a82f52ae92c495200b0cb71f7bdcd83b40249b03a3718c5140e33c6301d7c;c29ebb558bd07c399f966029f1908997b7e6a45b3faadea82a053307644cdb30;ee7973923f1f07556abc3e249978e4a1e65d11d1bbea5dbb44f2ed2961b83c6d;47bda4882f028ba0ba1b32b77f8094c356911fcfa5f486d3f935bf1764f4678b;138119edaaff1b7793514b2c7c9b4e9028996800a0d9f97cbb5c30c3a311d1a7
1bddf4db69892dfe8b805852adda9052d6db48f21d952bb1e34a1c2a4e19b378,247,10,1398028,1741906103000,ALLIANCE,0c5d6b3260a6f0182ce777c1759974de513320c1c8b5c477523bd2e90d06744b;5bbcd0b7473f6f48aaca475c4c05c35352d398991afb07e82b6ee9d9be08c7f0;5f70fb694ed5974d41d45ea0c34b8b10b650f83a20ebf10602ec5f7a206ed3f1;8970ecbfeaf1333c5d2e5232fbb2ad26fb759997dbb5654ef1b06633f67a4ea5;a25ff573e13d7b9003f40d08114eb6c8ffeac3ddacfcace7b37a09c4f7e72e38
9857ab0f5e8851d6e10688991a51c0ea136a2d1d0d2e8b2c8809baceeb225028,504,11,1482199,1741840073000,HORDE,6260da2c980501e549ff91a8ad496c0c5d5d7eb37040e290d027277d9315c358;ba44e27681162fa3cf85b3e6e21bd91612588538cd3816e11c3d1d355db38aaa;63558a16643fba0dc90ed41f36460a8861764f7559d868906965bb1c8e06311b;e13effcc1a5b790187a6ac26ab8fa4961db28939bef41eae17ac5a3334b186c6;cef6f17f0a5d6af1774842e9473970962df8a54d5f88c8f07700bb559c3329f2
d96ecbc1df13351a4eed66424fb2f97af128cf9a279360dbdcd6027f6238530e,382,11,1900677,1742277107000,ALLIANCE,43b7d95943c34eb38f2c17692f23ea944d1fe052dd97a27f2231f24d2a67c3ec;d30727ec9b6cec5a232d4ce07a7235178c600accdced4b29a270bf56eff36a57;a7c29b5bf07940ea01c3c384e89a2ae0337f1adcde44449c68636f0ac1266736;1e2777c27b3de1ec5dc97b522e260e6dfaa1c127046ce20e0af0b2ad93606abe;dc656199c199a4cead3139e630c63d8179b81a04fe6c46c84adc75f2798b7177
26055e01da0e9fc29919f264e15686b3a8f6ddd736358d24f63f62163fa97aa7,247,10,1430387,1742006937000,HORDE,57266c96baa7ab663f08675bed95d43cf973f4a4ff280df16fb95b3bc69a671d;f5c2b29d43f67a849b8f48b7643253f4aff026e3d10a358ce2b90363f15c28e1;d5c1d969b27bda04350b00f146d99a964384d8bf7081c30219d1acb7d23f134b;5190248046b011a96b132e7e3034f566cfaa9fb9d1370f05827f5db6e124dbb8;23691ea452442ef2289560746e22a331d4b725f71074c78bc2c8115561c0917c
5278e8b7a3654c58787257eeab97836223a800e755e1d3d20540cde22dfe2c00,247,10,1453940,1742079523000,HORDE,453802cd129da105a0717fcee4e9e6012eec111a918996ebe289fb98778f219c;4758258889d2a73eed4eaf962d2d847899727d1b66d481b54ca16950ef2c3da6;3a82542c6419718327499e6a9f0d8611ec0c9540a9efa82a59178c639a92fcbc;636feef34da6bccb7707be6e9e2583231ae5c357e45d8fee86baeb672273b371;3ba8f14e6dbbfa237952d79764d118f2c7a0cea53c7cd9e58fed17b25cc90064
5869aa8c13b0c9d8f60b6cce283fad18545b6b70f15c89b193e3dab6eaaaad61,247,10,1464533,1741919292000,ALLIANCE,da26997bdf28c4e2583ddf6165e99af47ee72c4a47705ac47b205b64de741001;8228e959013ee71f50e5bb5c4c55847e07a1af581077e56dd5f62402b9deb0c4;6ee0d91d58f43e52d9fc6bd3866b9763edb75cf8ceaff11adb2cb83b029d80fb;c249d054dfefd43febd91d3ea51d1e456be65b402006ababf0a119f2fbd3eb36;12b749866c8b9291b3afbb2124283eea7b023f6eb1f777bcab742b38a697e1e8
7e00d7b975854a4f226bf5ea59e2fdcde360d4bc2628d7746fbe1a84697f0677,506,11,1748062,1742148135000,ALLIANCE,242c0ba4f16fbc085417dcea6b736c962f9f7a0b8faac2b0204f4fdff8625179;482073d4de873ee9acd321b63d2f74e266ea6676947b313c72f581ecc6cbfc5d;ec60de58828c09a96128a0404745c1fa69025100e6e27f9de2c9e4ea17f1d939;510fee91fa920af895d2508b48dfac9337bb42e61ca9dda66d57bcde1ad75885;56f84ffcde394fc8ae63abdb3c2ca0c5d7ff12485b0ec3fe9fb3cea9f967f244
338fd9f5b8118ea72d3d172449a23dd407473592ed513bdf73a6075f64a3de49,506,11,1767505,1742092417000,HORDE,921c1cca7498cfa03d22dbb6367bbbe153e797db90de30a65affc02898cba43c;3e35cfb0784d3c896a357de073f37ce9bc08e0882bdf96f4003a1581e70eb045;7f728841fdc8c43a84a9e0e19006dcc32885b9952c5dfdaab3f6fca74835d19e;264f0220999d9792ba66cd947caecd0cc97e770e9b9e6b1cd43cf72f7cad8207;bb6352bee5eeee37ca2f50a5521baa20118fcca09bc449603ecd37ef17af94a1
e7cb196b30bb68138591542b2cd0ca19c2eb81476d0f97b71242b06a4ad3e7ac,506,11,1791606,1741846534000,HORDE,d98a84fa6e4a20290b59fb33d1d1f20bbef4836a30b28437e2270a731e8813cc;5f70fb694ed5974d41d45ea0c34b8b10b650f83a20ebf10602ec5f7a206ed3f1;d48b638aca0fa5cb3cdf55584cb118d16a04dce6747621eeb24a1752b7d65847;491269a8abd6314a58548f3b332c131678bc48573b0780d422ebbc3819acb6ee;69d5054256535f7da52352cf85da47b32ca0445866e0ead19847bc74e9837d0e
6c3da884e08746456af22c3d5815fa39bc12c91cc37c80a5687a72f8f4cfdb48,506,11,1819700,1741927186000,ALLIANCE,9789a1709670c1cba37612546b0090f877090a1581b0a98382309c8a6d92389b;da26997bdf28c4e2583ddf6165e99af47ee72c4a47705ac47b205b64de741001;12b749866c8b9291b3afbb2124283eea7b023f6eb1f777bcab742b38a697e1e8;ea7a96bc4f4ff2e8792899203667714b9953ba45a0bb5df34f6619e4a6ffe562;092285e353e7a39bdae59a951c76435cb409045fcafb868f9cb4010f0104bdb3
5f4d93e3e3dc950b5484fb146bb63b32f7d87e107763156e65125e384bfc50ff,500,10,1686750,1742009787000,ALLIANCE,f5d6a7b2b9a932d8476eb6ca334efdd9ccb38b0282924e51a85103c67d519cd8;a6f24540aa5cfa92f4c94c6f56a296bcbc50858c5e34b44d47ca9f93872f73e4;0754ebd76ef08afbbc5e25b4810b1107de3531dd9095599ca693b076c99a1245;254eba1bfc8252aa4438017d0cf8222cf589ed706114e01482451275f56512c4;54601d100d38c78c28f7cb69d6a5c6d308dd9c2ccfd7a6b2bb5c46e2c4d4a678
aecee0ff25f048fa85f5b2f838c9ebc62a480a6219449894409b6530cb22c06b,382,11,1924404,1742251498000,HORDE,2f0cddcfeb057d2c14bf5ed73f5eed362f0a731952d82f17f4730315f1a912b3;0b11a50f8e9aaf0f5ad567d84f7aa04f9b401218e9e58fc6ef368d9e67ab53e3;7b31cd03c57799fb41b6d57604706f89a639db242b1e8a5984edafd1a3c95f5e;8cbcdae5348525a0d28fa0cca947d4e3943c88843e64cf6dca484a703945ff63;a2451ed07a036f0d56fc6a9ac6331112f3501078a62f8c82f605d943a4574b53
5aacf4aa653d6b7bd7c20068cf899ffa555a53db700da31aa42d0845fec93b9d,382,11,1952207,1741814103000,HORDE,dc65a5b73845c14bb923a9fb0cb723068c912dce7c9bb31cd71147f95e770911;8cd1d2aca6bec7c4d531a2856f9b474da8181842801c62398c38c7a90ba33715;d9a5aac22a44fba7977f89733b864c918d0b468b028a1cee17cb324aae9fd384;ae28bb466d275e70a6ef676481c4ec0992941225d2ce1350863b9262747f427c;f85b35b5aa09ac92ed1fb683dff65bc52aa22e64759bf6056e1182854ff0c437
ca7b4a8f7a7157a1e3f5cc29121d8cce77471600faa7ad1699a507b01a24349a,382,11,1982140,1741895689000,HORDE,810e90dd65b755fbf42035a7e06dce6fffa772ba35272f3b20c15da0fde55170;d7be93fcbde60b5504a0c79550332609c4fdfb8576c7b6ab1814984a32e3cbe5;786934199ad46034b2fbf52237f64a3c489bea7c3436cc5b38cbb624958a2ce7;c29ebb558bd07c399f966029f1908997b7e6a45b3faadea82a053307644cdb30;d86f6d516605e0dbcd20dd245657f72977c039be73bf77d3979a768020921ede
37143be7c4478c3484bf0d291590334b89f529bbeadadc1f07c8990b9c304c98,382,11,2040277,1742113797000,HORDE,e1ef1f05ee44005bd69cc9fd548530ef49882071881935a5f326f87ab98f5b5e;21b9296f523384b4cfb498353a771bb142c9cf369d398f427c1767b9af33b8c9;c739c06f09a098f91db039a24b2afff3f4e7044aa7ba74a6b42e78ab0521ea3c;4dc66ca38daf0f71479e3589d70618910587a56c89d43a61a67781591002d285;7b03f1f0ebde1a7a00b552283c95d562654efee23693802446a9c6676220edf9
0fe9a493dbc0178c87c5a04bad3cac313a8f0acf85a97a82c2dd3237eb88cab4,382,11,2074228,1742193162000,ALLIANCE,43b7d95943c34eb38f2c17692f23ea944d1fe052dd97a27f2231f24d2a67c3ec;69b470abe030fc4eb29535556b77c62e373cd75e9f8ec41c549f5e2fd4e6af9e;c9ef2763ae47fec345037a69e7fbfe7e6c17685dc65199bd2b232c559208288e;c04d6ce77e6aba22c8c50ee085e88a17918bc1d6b42a8b163ab8913f5f2ab69a;db86c0bf37006b2385dbe24a9a8a4e5b2918ce0bce5703284750a4357a28307b
7640fdc392567a1d7726d3e972b3b2269481819a2bddc3bac589fbf14fdda416,506,11,1889594,1741724026000,ALLIANCE,b0480fbe72e156eddbe0a83c158cdc7704628b4c6e65b49e2542dccfa78555b7;a7ad6d2f442ae944eb08235da7961d93dc17a8260b0bd1f9188b15964459b3f5;2bc8fe4a383e9d2669dd3887f8f7ff0ae102b479dc53645f7525eb885fcbc301;d97f6b229cd30bd303b19ffdec725426046a3ca1a2f598be7c80c538e7a51f19;12b749866c8b9291b3afbb2124283eea7b023f6eb1f777bcab742b38a697e1e8
ffb603325642559329775721e6f91db4127706eb90b26583db3d93524a812c16,247,10,1477992,1742104122000,ALLIANCE,12b749866c8b9291b3afbb2124283eea7b023f6eb1f777bcab742b38a697e1e8;f2d177059bf3bc5f04b966cf5acb7deb4b6f43626bb3d4711ddd1c8d8aaf7dc1;ea7310f28cc2af2e1e5701cf341368c901292bcb4c8048b32a94216fdbde6734;da26997bdf28c4e2583ddf6165e99af47ee72c4a47705ac47b205b64de741001;c249d054dfefd43febd91d3ea51d1e456be65b402006ababf0a119f2fbd3eb36
ab7ae2371fe4df09e9506891be9d59148480fba2f21e290b9be82722f75ade0b,247,10,1485646,1742072696000,ALLIANCE,0e76979c83f4c0ffb9729e666765568ca8546de87406b9f3ad4c1a20b29ded97;a9002253a5d63bf782828ec1dd7e202b59381a1c99d16199e1e37e5f9803267b;775cb92c1bb6a708d00e2f438d632702b5b4ee5fbecd30b325f92d8ab47fd58e;26ef769fc63e7de21453cb8f6c5ce245a6697fd07faf1f334ad55e8a7df4abb5;d40d16b9299a31722f958a5572952dc9f66db3e9962fae797b01712c707838f5
329ec91b2f6c6abbd42ece2ec6fb217eee889dd0cc3a32002ca61d5933d00303,525,14,2176744,1741850829000,ALLIANCE,be79f11089d03b7bed4f08e6a7d69cc8132542a04bbadd456a1fd54442aca2ec;eda0c660128fbc7dfce68cbc39d0c7399f394646e54ad72b587445ab6b8f8298;56c31af19b4bb54b1212aa1a8ba9fcaedaeb319031ec52fcbe446508ce5fdcf7;7e1026bbc7d945b3dd3db0321de97188f70befc9d92bdf71086827fe6021c8ec;12b749866c8b9291b3afbb2124283eea7b023f6eb1f777bcab742b38a697e1e8
7928ac2f561f766bd345d8420a01007213bf0f4bf1090b4dcbe7defe11b814ce,525,14,2205585,1742280157000,ALLIANCE,99aaaefa3c381de43ce4211c23db2a1ffdbc3ecc35d8ada0017a81b5932636d9;12b749866c8b9291b3afbb2124283eea7b023f6eb1f777bcab742b38a697e1e8;5d8e0d25b64b17c942d1388c57b4a1259987472be50970192c0a09b5f76ad5fa;fa2ee31ca8b975219c245c4357ddc89adf0ae06bb7639cceb9aee6e762ca06d6;d8f4b2ee374e072d1d1de846169561e7fc9bc9ed1014540465ef6f7df9028afc
4d0f330ed08fd59509ea0286fcf6fd82b162ec225c059914febba847b833261a,525,13,1786912,1742293033000,HORDE,6d433e500f1d083edeb2e40890df1578a3d5fb4becd3eb1192eeb7c9a18fc4f2;08f632560617ebf3d78d5591e3cc4ec5351e3d14f13b5c10e9981593025ab499;5b89e208e9463e24e03ef567d5b3dc1c44cc847300a44d73149030004c9261cb;a295c1fd45b152ef3a587ced23a2ee9007344e26e124a110e1e618283beacbaa;e24ab22bd1fe5a20fd4fcac0937008b28fadc93a56879f24834b7935cd28296c
f2a4e2be712d30700e1135f5b8ae6bf08a490b2e6edb0eb90df5dfbefda6ea57,525,13,1922773,1741743643000,ALLIANCE,a7ad6d2f442ae944eb08235da7961d93dc17a8260b0bd1f9188b15964459b3f5;9a94199a40bd203d29e71b5b2709e63f85c9f413abf52b1f9666dfd34fb6d9f4;81dc6cd38b035428a7d2ae5677395f560fd0f06725ae3693d7125fbc85701d85;12b749866c8b9291b3afbb2124283eea7b023f6eb1f777bcab742b38a697e1e8;1ab2f6b39fd4d8834b84f1849660dd7560306fc374ecb4c243a6d8423082a069
ea17011c841355f8e3368f1b5a7e2c9abd72328662356cc604172f80bf36b3c8,525,13,2015046,1741945032000,ALLIANCE,a295c1fd45b152ef3a587ced23a2ee9007344e26e124a110e1e618283beacbaa;e24ab22bd1fe5a20fd4fcac0937008b28fadc93a56879f24834b7935cd28296c;08f632560617ebf3d78d5591e3cc4ec5351e3d14f13b5c10e9981593025ab499;38d1089d50644c89f4fb1f1af4d6635b98f28b95dfe45d4980b9b3f87c9851d5;6d433e500f1d083edeb2e40890df1578a3d5fb4becd3eb1192eeb7c9a18fc4f2
8902723888d3e3302c057a7d66f14db8be6b40d31a35f3c884c6300b9eb58e0b,525,13,2034785,1741917024000,ALLIANCE,f015b4e3286e3a9a60c66b489e499c4e23457bafb115e45253394747b363faa1;395d40eafd0ced10130e172b3844de1563d7cbec6d471022292b81aece882130;faed90cb9a32be6d136b2b214617b0f1550ba7f7b0ae00f019e3e2082e5b5b65;e74e13afb0a5f35e42f8b3cdc0b0e89e6844a92404c9825da91375cd42abf05d;e6ab118e72e04cd0f2989a7753e5c2e31a62a93bb44a086c47c686c25e978a9a
a62642d830ea2d57d7fed998a2830082d65f07237966e38f2ed73caf7cd466b4,525,12,1751150,1742109041000,HORDE,e30349bbdf3cb8a012e37cdb37e9db58ccf7f6243a5a89974f8e6ee51cee4b0e;a27fc671b6ee47e763e368ac8b8b6e606baedac5fb54048a9993b7adc487be4c;e7ad7c62444d6bea778ad97a587a590def4f278d9831e1257f99495d882d2c95;8b9a3e78de79c7e5fb867f4eeddd006976e307b61b140212a560be6ece17b2c5;395d40eafd0ced10130e172b3844de1563d7cbec6d471022292b81aece882130
7e9538432a92d4a8614262f0282bbce1f3d0e62b7b18626196336ff0f65abb10,525,12,1818074,1742276174000,ALLIANCE,229c790666b8b0e59587f3ab33bfe6f2bf911d60edb4af6924fc07df1d187b30;e24ab22bd1fe5a20fd4fcac0937008b28fadc93a56879f24834b7935cd28296c;6d433e500f1d083edeb2e40890df1578a3d5fb4becd3eb1192eeb7c9a18fc4f2;c785a0c55ebb170a6030fb9c83725c5dc1517972862e0a197566052de5417b18;08f632560617ebf3d78d5591e3cc4ec5351e3d14f13b5c10e9981593025ab499
217d4599fce8817be3ef30bd657366704a9a3eae57a227f22962029ccc5c0c7a,525,12,1918945,1741999189000,HORDE,1ca4e3fa3d0bb4432d72458a9d058a762359b3d431ef8a3b1d932d84391aef91;ff190df0ebce4f79397ac63e32d52d1ccf659cc2cced9e5351235cfb035ade33;e908e2af25a78bb2e66532492304ab97423d825ab7b70cbd830e0d2a72008ac0;1cba128a437569b287a5667799407f683a8ba7c258548b3ba4022139774bd104;ca384b1375fa744a98908255b1fecbbf83a2baca82bb522f23da576c4a8e1c42
f76af0d79343ac086ad2a120f8f5851aefb30c69701caee84ee9849e4bee1cef,525,12,1945642,1741859957000,ALLIANCE,e24ab22bd1fe5a20fd4fcac0937008b28fadc93a56879f24834b7935cd28296c;2a48df818903bb76cf1c91af92445cd8ae7c8e3c561f527b174c8263ef8edb42;08f632560617ebf3d78d5591e3cc4ec5351e3d14f13b5c10e9981593025ab499;a295c1fd45b152ef3a587ced23a2ee9007344e26e124a110e1e618283beacbaa;6d433e500f1d083edeb2e40890df1578a3d5fb4becd3eb1192eeb7c9a18fc4f2
0fc0cfc377f7a8ff8fb09dbffabcc6e9def157d9e1ec5feeb59a13678ced6616,525,12,2239434,1742189921000,ALLIANCE,f135db365cca7fb11582cff4a7a667a49055389d501ef979e84d8596335d695a;aba90bbc0b2431a2997b3e396c0d5b8c27a0dd847340bb4f9f23b00bf898b49c;1ca4e3fa3d0bb4432d72458a9d058a762359b3d431ef8a3b1d932d84391aef91;618b19dd5d814e232e4c97fce2c565bf7d9313deac5a6fd6c2fafa761ff9e66c;79edbab5c421c8e0b15d517398932322403746593b6ee7fc68f967de4e2fe9f3
c5817b3e147887290f77077153585449e50f2457b2b7b19274453b3c89b94e71,525,11,1563160,1742266495000,HORDE,5f79c6c3fd9682b2dc5c16940b662f7efe74e48cc145e963d1621f9d3400eb63;8a0814d066bdde1fb8edef31e329f32c85958a0b7ff5bc2aadead549c74a2d9f;584e3b9b39dba905a79ee01c4e0e06267b8d882d22862c914ca711d912b2915c;5c3315ae604765d88c7c60cc7442ecdf781d88db42318311293d18ed91c750d2;d9d983fafa45f7ba726034dd5b2f28da2a42d454fb7684e4c52d5be57edd9674
a7fbb05fce770a935a05367f958c56c2a0ee2878ff96bd2dee4ed5e17c8d1f75,506,11,1891796,1741924454000,ALLIANCE,c29ebb558bd07c399f966029f1908997b7e6a45b3faadea82a053307644cdb30;c080cf9762f437244c02815221e9cb2042783749b546b985b3f1cbae74d01cc4;84b2f528a02313833c73feaf9f32cab0c95325cc131acae894dc17eae1ee279d;89cb6df0d33df6cb1845809e9e3950bde27ee348b0958d32d05233df7a7320cc;0e3e956635fabe634dac067ba6e1d68bb1ce9f7472b761decaf14668653d5e75
94e23cc4a38bfc00ee4662f0300a2c7b9f763f7197ad7908ff14e012c4ee2268,506,11,1907288,1741736743000,ALLIANCE,30053854119a48af32806209bf819522c98f763ea98d346a4a2f923443c2cd55;267d85b78a2b6c63e014a12c193f6380b6089bc649c425c3c6b2daa601548986;029f2a6c0087498f4a5c1c02deec658bf8d660ce7a1787231089305ad0f8c267;88f16dd61222326e0af626cb719142f98e0792e81410cff526ee27f11a393a88;1ca4e3fa3d0bb4432d72458a9d058a762359b3d431ef8a3b1d932d84391aef91
38b7d960286b17e22547759e0624c0f31bcd030f977b7d05bdcb5f80e064d572,506,11,1912439,1741811385000,HORDE,f85b35b5aa09ac92ed1fb683dff65bc52aa22e64759bf6056e1182854ff0c437;8cd1d2aca6bec7c4d531a2856f9b474da8181842801c62398c38c7a90ba33715;dc65a5b73845c14bb923a9fb0cb723068c912dce7c9bb31cd71147f95e770911;ae28bb466d275e70a6ef676481c4ec0992941225d2ce1350863b9262747f427c;d9a5aac22a44fba7977f89733b864c918d0b468b028a1cee17cb324aae9fd384
d3a179d1a6b816428a2ddd812c2f3259f93bb11310a029ca48c7d1fa4bd6fb53,506,11,1932613,1741895896000,HORDE,15308a30b0a77e1ef0882f403d8078c82ad073793606b9ae1ba68a14986d0230;dd4ae984c652e876cb664a15c32b2ddeb64f313bd20e93d25eba3628a0df88a7;72e33d6d9d503921d5e51e4aad1656444007b7054604e836ac2864faf3395053;0b292ca90670ddf7f8c646f48a205625bdb24265a96cbb5bc183b85fef49871b;f0b69f83a59a47687acfd64b4b1994e5d57080a732b50dfc609a584bd48e7124
acfd5b8e545dda334af2329e645cd2a94a2a63c26abd4db5842923d71b6bf968,506,11,1947040,1741722541000,ALLIANCE,41207fe92394a06b7b5cffbf6fba69cd42095da3a56809ad4994df5aee256b5e;08f632560617ebf3d78d5591e3cc4ec5351e3d14f13b5c10e9981593025ab499;c4aa20153573c2a97c70685c13598c0e8b08ea736ce9753b169b068037052d95;c5bd10a085ad15447f827ab39bfff53ce1dd086d37fef65660dc3ea4ab177199;e24ab22bd1fe5a20fd4fcac0937008b28fadc93a56879f24834b7935cd28296c
23413f0416123e928338a23243172e823f6c8376908a2c388d5788e0020a819f,506,11,1970173,1742012398000,ALLIANCE,db3112d08a0bd5182bc3dcfa4bdedd79f44c0ac053835de51698783a1d701d1d;81220f8b025e33619ab710e92663ca875cd04d73e74d902457596a22ff73d9f1;b5f8a937de6e0f689b52b57ecbbb240e52247eaa3715da3f316d506e7ece61f1;c32efddc135c2fb338ffff896b34f9cc520a63dc5a83d3a617c3432d217e8ec7;1d952885f354fb4c8ea4a38c19d546b07b5ed0ecd93639b0bc2b649406980029
79a94c61d1633d7100e021d4b282be0582e40201632f1937f0f70fbb68d1b598,506,11,2036488,1741923735000,HORDE,0b1b71932dda3a9bbd69353d22ca637d34403798eff2c1d09201dc2fe72d6e95;4d0d9874f8c54a58005c6db74a7c2e7d1f0735755fa63ebc29a101f222620554;37908b8cd5210710103b7a2859e6e328bdad4092a35f6703b600faa761048a01;551190ee71414adbeeb62c3356f2dce0b5817fb9ace54986cab48d7e158cdd10;a89f70090355f13ed7530c9a1a1ee00b0f828574517b6f0280b45d0025f44dcb
8b37e3f5e14ce5c7ac2365571bbfcc503752c45c5fc38e27a391514328050b52,247,10,1489915,1742004989000,HORDE,a68c4d733b669a9331133a8eb392fdc9513ed1d867e66c426309e095eb4c4a8e;0d74a302848e3d25e29f304faea8568838abe88fa3e3bc3f5e3fdba296f921a1;acd43020ed6713e7931b5fe38d2040bd11a356169e8bb175c7e465cdfa891917;be2ccc0bb5cf137ff383a6da5c0790c619df3b421b71188c53bb982b4f0a74f7;f5c2b29d43f67a849b8f48b7643253f4aff026e3d10a358ce2b90363f15c28e1
6914577e7225f8ddc484d7e2002264320982c5f3ce72c423610edf71285b58bc,499,10,1390473,1742081394000,ALLIANCE,dbe09430e81f1c34db76ffb2db8a1678654a622e773a56cab8a900e6fbec97d4;248f4b05181abc121d2d37d796cf5289228ccf3cf89e8020f9b81601d9fc38d3;7d8b9f1001a4cfef4224d3f8b1ee18fc3c2e89bf437911bf0763784d05162cdf;a0e1d82399f323e5becceeab59c051d6c15c8566d37d78529f1e7f3c381bd6dc;8612507f0ff4661e37e99dfa9c18f5beb32c28ab18f5bef07c6b1e3da05aee0e
c3dcc97efe65fc3a68cc05b6be4447f2e6c5d19aa9df9a62a0af0e03e7643a22,506,11,2087653,1741763194000,HORDE,cf9d6380a8e6221959eb3b89aa7aae22b920cd8161c4f4e96f7725bd39feefbd;69d5054256535f7da52352cf85da47b32ca0445866e0ead19847bc74e9837d0e;5f70fb694ed5974d41d45ea0c34b8b10b650f83a20ebf10602ec5f7a206ed3f1;d48b638aca0fa5cb3cdf55584cb118d16a04dce6747621eeb24a1752b7d65847;557f024c4660ea74734f1e3163ed9e907b83290334f7fb9e09795dbd71be11b1
91fad5119ad35adc7c45f0fca3147e1a4ab5c2c9c74a2cd42cbbb84a5d777ffb,506,11,2170111,1742094180000,HORDE,78e7ffaf53303fd43d3c19003b7561155da3d430793ea3b3c224dcfb0f5e8668;18609ac57fb6f620ba6187d3864640d0ba687b0f82c13b02be951fa2ca159d87;5887388e9b403475d3e7a5f6a3b5eedb216342dd285513cb65438e45ce4b847a;027d39b8d19b46ea7872b391f4c9ac86e12e830149084aefad4083f71364ef92;633da595ff894c51b5910aadd9fb6ddb314eab1985cb5bb6b009c3fe6230dd56
6a7e20dd43831ffb0f3a121d616268f64412607004a6176f674a2b59d8281e24,525,11,1620926,1741749349000,ALLIANCE,b2e402f1706562baa7f92484cd741d2068bd6f5c7f5721fb6fa040ca89948187;395d40eafd0ced10130e172b3844de1563d7cbec6d471022292b81aece882130;a0ca5679e7786d62b161c575de8b033fa50ad0fc025d2d0e1e0a0d59fbbb64b6;b0480fbe72e156eddbe0a83c158cdc7704628b4c6e65b49e2542dccfa78555b7;4d0dedbef45c6387fbaf0e57d0aef5616051ea37833b970b89d12552e02ef727
650ebb4e913066d3b04ce36ec47ec4e23074eae6cc9d6c1562846d5e8d4ca3ac,525,11,1666123,1741835782000,ALLIANCE,11b2b7d3edd5a11edec328999a4f1fb73e67be86664bb0e05b0f1c6f8f657e6c;395d40eafd0ced10130e172b3844de1563d7cbec6d471022292b81aece882130;faed90cb9a32be6d136b2b214617b0f1550ba7f7b0ae00f019e3e2082e5b5b65;39fef77a018a6a1d29c6f40d9ce88db757324290f7ad1d2af22016211ab3f8fc;087a46ea89ebec04bb29796054938ba1adab23e0aa5ea94bf2dc1dd19080a9d2
f2d55bcf2b4675a03de8a6f456230183d0aed0b3bc306045d0b8b3d0492a2f99,525,11,1669459,1742160792000,ALLIANCE,19335ed8e7d090bc2ba494e6d83ab7c4965b134b4418cb7e6a58f4b59508592f;a69e97061da3a4023743627dde87acd1a8517d97f0400a0f0deda0b8bc80d60f;a935181417b3d7ce0457dcd75ba52d4590e1114cfbbd783b1db589aeb4380d12;62c63731ab00c70961dc5dc8ed29f1e759537afc7deb59ee724ea8d789ed9e6d;12b749866c8b9291b3afbb2124283eea7b023f6eb1f777bcab742b38a697e1e8
ae6e6c1e296ba14c3d4f0c7a6ad5f94a28a846552cfbbc3cfa06de62c60c7edd,525,11,1709490,1742170678000,HORDE,921c1cca7498cfa03d22dbb6367bbbe153e797db90de30a65affc02898cba43c;8240302b7552490e2c5216450e168dc9dfb28d183137bfb2b8c12e08e17f5046;c782ab2b30518f012b618e61cb7eb761ee35c8ab56377f8eca085eb548615843;dd3b5c6bb5c9851e6b9c8a857c72d9ca5b2616b9d00d43c6e955710f72f12237;5c55e100abcfdc78f78cfd42e425ccfa41ac68f6dbb133074e676aadc085ab48
b1eaad70218c54cbbd01a20a7c1885a7a6a2e2d73ba74716dad2adcdc19e605a,525,11,1764911,1741901421000,ALLIANCE,6357df877b3dc8e69a3ef85fb99acd0fc6b58989cc35e097eaa76ed243dd0dfc;c29ebb558bd07c399f966029f1908997b7e6a45b3faadea82a053307644cdb30;7dcb34ddc696a09943de6fd108dff2d609ee01aa3897efb7ffa497f5d21bbcfc;9a665bac10871b01ef961a8f61b9c07d214d0d4540521b84e0f1940c39fab91f;7c0665bb5869db7cd1fb0f98e0f0f6d8acb8c6d8ee96a43323c61d68f92aeb36
df84a1e367af5261b9c35e332e22212dacd4bce8a3ff5050796c67fb0c92465c,525,11,1765344,1742174485000,ALLIANCE,fc7d3a8fd79a0b290dfc8383fd4e0f2199d7ad13da39b6e90e697388a121b027;725fe12176595caf59a15b533145dbc557462581e14ff68f1a7c915b1653d381;68593f06edd7e5fcfb45d175746ac8e06e70cdf81dfd744c0b55b026dca226fc;046c57226023cfbbf1af36f6ad28c7a3b5afe0bcd3592f5dba567bf52626384d;9fb6a56e67b4569bcc01e770abc1c3a9333ae8dcb46813638f9803403c18f12b
8ed60407567a6759e43547d5e909c57baf8fb25c3241c583aa35bd68a55795d0,525,11,1783200,1741731967000,ALLIANCE,6cd42aa2e3af1f4483d2a5e17ec6fa02cbf374a48900381e6701664bff83f931;50f8e1f83424baebe531ba52001020b3d75092ae3f8e9fc391e3a8466e0329a1;1ca4e3fa3d0bb4432d72458a9d058a762359b3d431ef8a3b1d932d84391aef91;a4c49b587ce8ad78d84f6e429335ad20beb489eec8e266ddb9b2cb4e5d8eb529;afdde297f39b4dacd5e0c3deebb772b5695c19bbc8ef7a9fa7d2b576b3cc9727
e3d45a3b85b9a93b3358cbf8b8e0e802d4294269fa6eed8de4122670789ca779,382,11,2098929,1742246413000,ALLIANCE,b3624ee99fb3bfc9f68b6aee975d9181eb845f4651138eadfdac0988b4bb4c5c;979a8d345a96cb37b1d387918b6bc70fafb7892531f0694431638651957ae1cf;0b11a50f8e9aaf0f5ad567d84f7aa04f9b401218e9e58fc6ef368d9e67ab53e3;2f0cddcfeb057d2c14bf5ed73f5eed362f0a731952d82f17f4730315f1a912b3;7b31cd03c57799fb41b6d57604706f89a639db242b1e8a5984edafd1a3c95f5e
9a7e602b0e340f72d822b4570c514e2abfa98db3729be906efc0853e6d8a4c0c,382,11,2272800,1742259955000,HORDE,9ddac62e85f4ae369ca5ee347f2422254127fe91e61ef1cc35509fb52d7a7f06;669dc75526d6dfe044d6cdcbcf6bd91331c91b01716791879da469aca6c7d028;e703142c88fa790e8ad165d152ba26334af24f43bc2a115804b6ca5fa638cd7a;34ac0c4bd3d9a80755648aa070c1d613f368ab5f39125f3111a49e724525660e;e4a3bc6353adfbbb7e086aa6f1c66adbc5c412728de066b3d6c20d1f0c84bdd2
e0fccba16bcb571587a3cf8919db617fc653b218e52bd6557fb32c57481a86ea,247,10,1558809,1741977756000,HORDE,8cd1d2aca6bec7c4d531a2856f9b474da8181842801c62398c38c7a90ba33715;9657f7723aca8943ca7aef2e612b676f9bf0f7da5d28ead461356d7dd1e2d10a;d26fe3f53e6a67e7a30b8c625ce1552aed7c8d02a64d7ce571fc88a945d6ee75;32179d2cdacac348a12ae01e6967a1db11bd090ac1637b58193d89951b1c2f5c;bc7e7abfc122b1a07681775ab8ec0302da1f0dfe23e915be0f9f9e0850b17edf
5a84ac534c9b333bc2b31cf8d5bfb0d0c9ab06cbf8d3af928d3e8805f22f5050,525,11,1812520,1742030915000,HORDE,d88fd7b01caca09f93da9d58b41cf14b19dbf86ff3095956820600a01effac2f;4dc66ca38daf0f71479e3589d70618910587a56c89d43a61a67781591002d285;36d1bf8c1ced84d3a47f782399a6a510feb50b9d81aa266cdbab2de93f7261b3;ac3e3db412185e24a9e42660e393c3e9ac4f75871d9bd54cb867deb78e1e1903;8cd1d2aca6bec7c4d531a2856f9b474da8181842801c62398c38c7a90ba33715
3c85dacd399bec0e020703aef76dca9e57b2919d71ac55b4a530c2b4e5c09418,525,11,1815758,1742155100000,HORDE,87a6c2bc48aad2d5fae512a67f1afcfe4e7b59f3b88e43469202ff873882f418;ae32c020ccc5fa9b9919224ff40644d51a9a96dffa53cf28ef38106c06eff103;8cd1d2aca6bec7c4d531a2856f9b474da8181842801c62398c38c7a90ba33715;ae28bb466d275e70a6ef676481c4ec0992941225d2ce1350863b9262747f427c;d9a5aac22a44fba7977f89733b864c918d0b468b028a1cee17cb324aae9fd384
85dd98f08415c1bb87c6e330f8a8aa0bee6b93cc316214dd633079e6df5de0f4,525,11,1819060,1741929912000,ALLIANCE,092285e353e7a39bdae59a951c76435cb409045fcafb868f9cb4010f0104bdb3;8e2c984e7f0578aee35628276ae1b033677308ecae4be27620fa8108847630d4;12b749866c8b9291b3afbb2124283eea7b023f6eb1f777bcab742b38a697e1e8;9789a1709670c1cba37612546b0090f877090a1581b0a98382309c8a6d92389b;da26997bdf28c4e2583ddf6165e99af47ee72c4a47705ac47b205b64de741001
383f660d6c64560f336dceab1b6ab5903f23f112ccfa6b7d00d84536135c471f,525,11,1883706,1742004069000,ALLIANCE,0ab13d7373fdecfda93df50ca87db7fbfe3d5da28d8d98ebd93323ce761591ff;fccc1622f1cba8996b17589b310e2736b3e58d38e8f515945d74fbbb96dcd40c;1d952885f354fb4c8ea4a38c19d546b07b5ed0ecd93639b0bc2b649406980029;45f7e7ce9cf86394bc7f90a7b14ab386e274eef070522bf538a923e03e145872;db3112d08a0bd5182bc3dcfa4bdedd79f44c0ac053835de51698783a1d701d1d
be2085e8ce85f80d26df0210c3496095643d93cf42a096d47c003754e37f7924,525,11,1995008,1741889574000,HORDE,ede883a48df2cd3a69cda305f53027ee56edc89158ce1dc7b6d65e19a78c1b99;70ed17debb3189b13b19eb3aa9943730f99af5b86a068481c4636e26dd0b4c3c;88ddcc2bc650af090c4733c248dd5a911eb961d7e86215cd2b882438c0499a9c;f0b69f83a59a47687acfd64b4b1994e5d57080a732b50dfc609a584bd48e7124;d246fce390ea8f7613bdc9563aa89b087b715a5e73f267a0a2cd74cd35b239c1
7b06d91c306f09d54981c519b8444e51592877ffa28b43bd911538370d54e194,499,10,1478671,1741758047000,HORDE,cf9d6380a8e6221959eb3b89aa7aae22b920cd8161c4f4e96f7725bd39feefbd;5eb47e22d401d41551a41ad58320280f7cf9edaa484c95f186c0740ebdd9865f;d48b638aca0fa5cb3cdf55584cb118d16a04dce6747621eeb24a1752b7d65847;557f024c4660ea74734f1e3163ed9e907b83290334f7fb9e09795dbd71be11b1;69d5054256535f7da52352cf85da47b32ca0445866e0ead19847bc74e9837d0e
8504b17fe0d2c8ac053771f41acec92e3aa3623dcba9df971f7ec6470a540a0e,499,10,1511000,1741808853000,HORDE,bc121636cbeacd69f6395ce89131367d538fe5bd042da9a7aa0720d172971c78;8cd1d2aca6bec7c4d531a2856f9b474da8181842801c62398c38c7a90ba33715;5e377817281ca8f6f1e31fb4dbc5dee099f7372b20e3e035d9754211f8b0c3b2;d8a076994e86c7201bf6baa1a87abbac9bf481cfe3a353fc55e3eefe8f9f147d;94a5e26f0f35f06e9685b7b6cd79ed8539273dc3c30805f4db53c1be6d97174d
9894ae1c9a23934080f1091547b34f72fbcb8062f0ffb012875490f81c43af9c,499,10,1535244,1742139346000,HORDE,9a0a71ac033243554d3afb67526ce77bd3cdd8890358a851f0b783ba0ffb905b;828f445aa048914477aa463a7a2e2f90a7dd1cf6c50a5f67f6092e90adeef8dd;f691eeba7798d6fb93252a6b66b1bc585a53d5543a2fd60a0aeb063d773f5ea2;1079519557e53cce71ebb428f731336560561c36d0da8cffe6c1249645c44c3f;0979be347083aa4b63850613bb05b0bd7d2fe56fc355561676cb13a6e5c297c2
470e6139647e9e7b16da9409e675d5c5339ff7b296b6fa202656d50b9efa35df,247,10,1564094,1741803216000,ALLIANCE,c29ebb558bd07c399f966029f1908997b7e6a45b3faadea82a053307644cdb30;31c2dbd7e043871f990526b8394432efa733b4a2b743fbab6a988371c77464e4;d94f7a929f8250f6a61f9d6cf2b1150ec1f110f7864177a6f8b807ca67b0f5fe;32f727dee30eba660539a9be576ad9f094d4d4325be7824040bd934e24fa2394;d1f2ba6f420056caa87a21b469433b2bf28cb5482f415695fd669b3b043d7133
50a0b338f11e8fe20d750dfa0f626340ac7cf2524da5cf9b44efd0e3883f79e4,504,11,1565147,1741898594000,HORDE,1f1e2e733529a287f8696a1fbb0c56ff70e6aa302a1033f0700a27e2cffefcb3;95c3002f7c24d1d0d796505678108eb6439bb1d4e7c07295ad798af4225ae61d;fda964a7104e11ee37c85fefb4ea3e0e4473692834ce8877964a70f78d446fee;c29ebb558bd07c399f966029f1908997b7e6a45b3faadea82a053307644cdb30;8d62e27a26f7c6c6dc43a02975f2e7fd51dd5784578c5184f087997c75e6a849
88511a10d8cdb077853ed7efd49cb5a9cdfb7c2c918a3b008d0e360a51e5a4e3,504,11,1622782,1742006120000,ALLIANCE,fc7d3a8fd79a0b290dfc8383fd4e0f2199d7ad13da39b6e90e697388a121b027;9fb6a56e67b4569bcc01e770abc1c3a9333ae8dcb46813638f9803403c18f12b;ce58c312a591b550e6348576ef8e8f681c474da81bf56d08b17f99fe80a2edaa;725fe12176595caf59a15b533145dbc557462581e14ff68f1a7c915b1653d381;68593f06edd7e5fcfb45d175746ac8e06e70cdf81dfd744c0b55b026dca226fc
59a0234d686b2e1717e8f04ac606f8737fbfec161358b9d44d13a9faf2844a6c,504,11,1639309,1742254804000,ALLIANCE,34ac0c4bd3d9a80755648aa070c1d613f368ab5f39125f3111a49e724525660e;b80ad1e2c2c742e4d83bbdcefa845103162683481b7c426aeac266da0a5caeeb;55d9bde0829fd9ef860807065a9e1f4854e2f47b37fff966353a502a5283d10c;48c32cb0835ae43d2a57e7ba0e6c9371b2605e0b1dd12b9819cce1e55e5cf5b9;9ddac62e85f4ae369ca5ee347f2422254127fe91e61ef1cc35509fb52d7a7f06
dc5444e36162bd9e4913f2ab05b7064956ad3cdce3b0fed4e456cb0e7bec29d3,504,11,1679475,1742085190000,HORDE,d40d16b9299a31722f958a5572952dc9f66db3e9962fae797b01712c707838f5;9919edd8dfbaecfe1beeb7ead8f87eec63da9bc87c59eca6194ca5f77177db4d;96944aa1f0f09e923f46e51d3cfe8facb287a3e4042fdaed34f95fe4ab3eda39;d0e9b6ea9cecca48749b732fc6c0356510cacb028f9b7d0bc52cf4301a267f09;a49defc69513186ef34cdc8d569fe86047e3b94cf09d4e43bb1d48cc0a5e4b90
9001e239125eb61bb79866d68ef7ecce8672c026283fe46d884ccd8102af4e8d,504,11,1714681,1742251788000,HORDE,dc09cb89c9dbba69e4be964da0eb98b75bb7546eaa91b62cd59ea37aa376f8c9;d30727ec9b6cec5a232d4ce07a7235178c600accdced4b29a270bf56eff36a57;06330c82456df3c68dc8f4633f94b26a6293abf0e5ccdb038bc3352ce423305a;43b7d95943c34eb38f2c17692f23ea944d1fe052dd97a27f2231f24d2a67c3ec;836500ed2778540f0f3d38514cc8dcd7aa6a699d6b3c563550c966b97f7dc964
022d2d748d0d809cc2de57da27d31ca2ede3a401096e43aebbb10fa215e15481,499,10,1541502,1741902842000,HORDE,d3c92a60ed22df60d9bc42c9261a76198475912561548ff51d7b776a9e640c18;31745e80483c8e48834bfcc0865326e0c71b89df0e0af993100646711078eb08;f0b69f83a59a47687acfd64b4b1994e5d57080a732b50dfc609a584bd48e7124;1e52d7cf3f6de0f187ce02d1dc7915e79d9c3c066b208198522faa72d4a0cfb6;b314221abaee63fd1b61b26ec0c248535164a59e17e6e2a0069e24982c135e0d
945f08520e46150954809b6d534b998cdb14b3c62959a989a1a6f20252f4a8b4,499,10,1577638,1742012026000,ALLIANCE,f92f72b580e1d6d5d18650d883cd88d55cbbea8a6fedd385a94cdccdd828e31c;a1ecfacf1ca12985c3c60be57a20b6b209e948cfa860e4dcfd3344ba53a909b6;8441bb65638a30b35dcfea99aa84b06bcdd164ecdb56e2e27b6c94c0872cc9d2;921c1cca7498cfa03d22dbb6367bbbe153e797db90de30a65affc02898cba43c;93d0e0bccb1e3635e031c4ea6b18d68b1356a5a284200926c8821435fb53b61b
6a2fc92c74335b159191d943c54b87a39376493d6dd0db5d53f3249998ba8b59,500,10,1713185,1742103463000,ALLIANCE,182748d715603faac0f6e0b14942c2ae973e489c4cc5c5fffc41d1de198c32d5;1b718e8a719caca840b774b22f5d2b32dff182afcf3a979deb797ea3e81c5b09;fc8714475de98d374f8a14a2fc01933864841435354bb0a9374af09803f8e5bf;3734f668008e54aab6cc6b3aa39b1e9d168745edd08d08febb3f0142b2314b78;ef66536054bd60ceabd184b2b11605281e69d8cc2ae186a2e761cd9848b5f06a
ddc9f6b3aa6b8846b8f2f3f1fe4a9506af9d9139644ef33d7e8422f8a71776e2,247,10,1566543,1742010221000,HORDE,d98a84fa6e4a20290b59fb33d1d1f20bbef4836a30b28437e2270a731e8813cc;e2e9b701aaa923807705c4aa3a3cad15813cf35fe257b2bb2afad60ed06a6a74;2e8b8fa9e704f7b7aa4b7a723e72515f514f432d270586990f6b5fe066f3bfdd;5f0012e23d8aa673782ada4909af6263c8afbfb4fefe0d5bf8a87994b9e18751;f5c2b29d43f67a849b8f48b7643253f4aff026e3d10a358ce2b90363f15c28e1
4d4dcb81ac528d27ede4ed771870e47ec57eb0dc439e481e8b4ba25797fb81b8,382,11,2346108,1742081674000,ALLIANCE,f09516bd4e3b80e0c0ce25e611f84bca0726374e2548c58e65d66d7a3352992a;6c2b2ceb0ee9e0ef75d5e75f54a82efcbe2265c5407723216b0b6be57cc7baaa;781680e176de80cb7c71efbe38935b9f655a33f8537b7001f233a0b849cf1b7a;921c1cca7498cfa03d22dbb6367bbbe153e797db90de30a65affc02898cba43c;cfd6b4f2db35167b7d28126cbfb75375aee39478fb2e59a3e09fac58c5a9c859
daea8d37e40671c623b5d81640628f33f72c3ec27bfc14dff49a385e1452852e,499,10,1579728,1742278561000,HORDE,11af9fac9b6e43fce1e0d819327f3fbc81a63f1b8565cf449d20a9042934e416;1ca4e3fa3d0bb4432d72458a9d058a762359b3d431ef8a3b1d932d84391aef91;a4f596319479b771612af578908df92dc7fed5d5bd63660565cbc4bb26ba6f94;69e7b5088189dd12ac833a2ce19fcf6f75aabde489cf6526c9d3b4432c77ba0d;94e2f114c8006d3bed959939ad7627a614af205430b134c1fa97117a27b8c64a
91dee9926e0fbbc7f266a4292c93ac95a557f208e48abc01ee28a32495ae8474,525,11,2077910,1742155303000,ALLIANCE,7fe4cf5e1cb428e227baa61658c6ec76c4b61e3d47d1b49128b7f88837a18ee5;4bc92c62e067003668d92389df9403e60b828fcec86e76da9bc06310647509d2;e2ae15bffbe43e13ede7e4301669ba13637074e49a6b37b49e1c339256be74a3;29043c03077c6fc6f25ef3c06c63a362dc158ff9147bd7641606ed8e54f66068;80bd1419746cdcb814ef9fb12dcdb774b0eeef74a079f527bf60f55793ffc848
e06adb255b9bbf26f71f55d7f87b602213e64da1f9e322ee6cf4c770ddf174f4,506,11,2227439,1741743037000,ALLIANCE,d43c9b4c805da2590e92efaf2e33d1b903b09316eb76bc91eb81f71efa9ece9b;26b7e6ae6fc44c48a1b1cf12fb2fa49935ab14afaa22eb5b884260a03f6ae2b6;70cd4ee4b59c5fda3077f13e7caa429ebe81efa34e0b711990a4734a44535fc2;43db3e2809a97cee662ed5eb5a670bf16a65bca54f62fc7d2ab166edcb390d03;2c03a4d110117e398cda6e3a50d074a8962a28e841519dfea8adacdb73f2b0fe
0585ea23f546a95eda2a1506b276e255b1e44e1bcd8013d3d68b4c215eb2c9ae,247,10,1568747,1742001892000,HORDE,ad649793114e803cd4df7351b15bc401cc6dac797bbb4396519d10866853fa25;b481a4d0128cd20406f5ded1a06a88763e0f7ad2f1cf0beddce58c1672d284e6;1ff2bf194fa413457ca5bcda2d8f4d010a02c899bbbd08aee3adc67b869f2551;d3d84ec42945c369659ffc3353f68deb34feb4fcda8b691422a9e0c065b6b7f5;2bc4a00d0eb0f23398f93191a09b69d7865a946a4e9283275bc172418b11bb65
0dd671ba519882c22ef7357e46716876c1304c0c3e440f49368b891334a3f4a7,247,10,1587229,1741879304000,HORDE,6bd8950a97e45ae08cfd8ff9f4fc7bd227e4d3bc13682ec73820c16bf48fae22;9bfbd1307a8614665e245a72e0b40bd2c96758e19eaf0bb51a9d7d6b2588ba9e;d8fd173265266a115e1fe3fc777d7e729a061f3300ad89ccc0cca59dd3b37b1a;51cdc137816fa24a8721e383c51b0cc15f7026d21ff0ff6909314115dbca6f9d;e24ab22bd1fe5a20fd4fcac0937008b28fadc93a56879f24834b7935cd28296c
731350be3d93f0c5163c2f5e5bae494810f19e497978103f9ed714a0bcb75671,382,11,2397402,1742272360000,HORDE,a517aa9d6821e27220af79a21f90a09c4e162a39da79fee1aa6ea665cc2cb463;dc062f4ea737b58898e0f7e94d7a18535a2c55d86a34a5d5e411984b675bc758;e96e1a1ca9c067a83b064ad2a901be69d90c672aa911feef60c3f822b6d38dee;46f05344c99810de88def1d4df0816e78746a9d6103c180d404a3fcbe2fbed8d;821c378ba2a20adf342c599bebf060199c0ce85b3e34ee9b6959a97a26b67137
116160900fcba9b4188e29c46f40275087e77a45e3976b1567dd2b05a70a04c3,504,11,1814944,1742276942000,HORDE,5877fb8f52204060f3855c5b77b9a45973f82009e26166e38aa5ea60b589a422;29043c03077c6fc6f25ef3c06c63a362dc158ff9147bd7641606ed8e54f66068;da66620a0b3104930ec27f886837ffb4e7ffa434b4702d9c8af0524e866e954e;bea2428d62c55a549ac5ee41bb02e61030a52cd671caed400395d795626b6571;3a6f6df55f1460df974fcff755bceb67888e65cbb6ebcc583fff2795f7ecdd6d
51c41b69f1f5d2eaac453f76b22650eb29ad2d05a457de4f211169dd5eef7691,247,10,1604424,1742158210000,ALLIANCE,395d40eafd0ced10130e172b3844de1563d7cbec6d471022292b81aece882130;3d68ebd11b240d83598c62da6ab756d76fd5064f93ce4df876b20d8f4f13fdce;ad649793114e803cd4df7351b15bc401cc6dac797bbb4396519d10866853fa25;2bc4a00d0eb0f23398f93191a09b69d7865a946a4e9283275bc172418b11bb65;bec53666ddc81eb23d6220ad247e3815ab999936e6c16971f849f74337f7de68
6d7f51aed51c399144e708a29ff311f3f9722b177c52e73880b2ab0736f137d7,525,11,2090643,1741876170000,HORDE,8cd1d2aca6bec7c4d531a2856f9b474da8181842801c62398c38c7a90ba33715;64ae4ee4c05dc9a3f435c05544053849660e7578004c01cf6934033e81497dc2;4b4f8643d484b965441c2e3702c8d9bb6858c30cf6dc692f392f3f89d50749bd;2d7efdf99f11980fc3686a25a9c63c8a4041d40100910843bb65e03dd62e3011;0f31bc88e04a3b9863b709e43808a244a12c3ea7163c2796fbed35ca5b9a28de
0f0bf7fd4d828ec603fd1af40091c97205b192d236de86097255934fb33fd55e,506,11,2448619,1742249247000,ALLIANCE,43b7d95943c34eb38f2c17692f23ea944d1fe052dd97a27f2231f24d2a67c3ec;c23c9a4b8554762430dbf5df269cfd91626cffbf0d97fe56774f2f368388268e;d30727ec9b6cec5a232d4ce07a7235178c600accdced4b29a270bf56eff36a57;477c8b9085fe4a08249545b34a692f5a7d9881af0a2174284a521fa09a24083e;3694a65dc471e60534a7ba9d3717929254e15732e6f3ad91b3ca398a01e3eef1
9796d660c9ed56b4902d58a0ce880c8b63e9634d0ca31b4ca05532cdc122bd3b,506,11,2959987,1741713458000,ALLIANCE,9fb6a56e67b4569bcc01e770abc1c3a9333ae8dcb46813638f9803403c18f12b;725fe12176595caf59a15b533145dbc557462581e14ff68f1a7c915b1653d381;68593f06edd7e5fcfb45d175746ac8e06e70cdf81dfd744c0b55b026dca226fc;5a6de2f85eee8a3b4653ab99e84cbf137a3180e816c505ab28129dc1b12c9d9d;fc7d3a8fd79a0b290dfc8383fd4e0f2199d7ad13da39b6e90e697388a121b027
b3fa69a14127551b0a944af772f03914b169023820e4ee5bce5d520a4185b0d4,506,11,3232943,1741938094000,HORDE,8d8dcf04d7409752f40a8698032bd0efb1a5b063213f218b52a50f22bb8b1c99;bea2428d62c55a549ac5ee41bb02e61030a52cd671caed400395d795626b6571;da66620a0b3104930ec27f886837ffb4e7ffa434b4702d9c8af0524e866e954e;baea59653855f8d0dfed37defd8073789342fad020e1dad6321b9357cc7c152c;29043c03077c6fc6f25ef3c06c63a362dc158ff9147bd7641606ed8e54f66068
736e6d2c67a68b55589e648398cdc4eb029c7e25d9488d8ebd2ff54b74c471c2,247,10,1611043,1741948835000,ALLIANCE,95f7fa94f88d13454fe1e2267787aa44e04ae7c6e4f71a50a6a8d789406af571;8cd1d2aca6bec7c4d531a2856f9b474da8181842801c62398c38c7a90ba33715;c37891039b655c8b953ba3b1f55f068215898a97a6f891d72fb7bbf150435c10;396b8cf60ee0ffd893378a7dd36790b80f84613293e87cf8a0a9b4e7f17ae717;371b2055287379b7136cae27a1e363b74901c50bf5bee78d6d45133059d8e567
8aace9fa4173266ad76723772b4662ed777ab87b7da4c5278fe5010bf8451d24,525,11,2164395,1742264297000,ALLIANCE,c1596b67de1f84265aebc73cafa9427171865bdeb79c15a4f58f29934d544b46;43b7d95943c34eb38f2c17692f23ea944d1fe052dd97a27f2231f24d2a67c3ec;8470f51300ef23ea9e3cc27ca37b2a3ecf39b9b502bf95132579a71df25992d5;cce28eb38d8ce6d065fa4859fec25d61ae6c309fe3d5f6d3a60d22d98585c8aa;33327224ab28e7df9a8c487dbe3922bb368d1849bae5de5e1ff6e7dee16f8c0d
15aff6765b24eadde905e13c6bfe2b2b30b22b1e104fe234887f083397faf4e6,525,11,2542656,1742014370000,HORDE,3ed63d3cdbd48139e28e13cd62712b64d6d02c3bbbc829dc657fba9dd33b8e20;d40d16b9299a31722f958a5572952dc9f66db3e9962fae797b01712c707838f5;c8431c81b29668bce6cc1a645ef8c266bed5b29ea2f320c28e9f64b9182846ab;59741913de369d1b06becaca76af44314dacc163a1c6776ab6829558ed7b3914;73de2ed17c2a6638a2be125f37d4654ab049ab84a536e50d4534207f765cff9f
870da7118d3894d25c4df1f2d97b686e330877b3ffd953a8150bac1c50b70566,504,11,1838467,1742169366000,ALLIANCE,8c1486524b7a32d6a037d8e0dbf38ef22870ce5b7bd51682820f46dbffd5c5a5;a8066e66775f2097946a2c996c6bca25a629b48c610dde9460a659a4e4f31bbe;f34fd3e8478fb700aac538f884cc1b6382ad21b8d61face13472e6cca6c7367d;b0b73207ec1b6c1dde2e07938391546404a83d0580cbf2b186b3084d49f81703;ffc20cc59b2026959a691db12388e4271cbf453c5d3070444d5251d99d8d122b
b54bb29af26d937afc626803b84c27ab94a3c6bd4393e19141324f35e821c969,506,11,3294638,1742257371000,HORDE,52b847891953047bc263ba1dd23dfc6d3d2eb4f66c6cd9a2b27aec6efb21c2f1;a81e4228a7ec8ec05876015850e29c053110186fe78bf108ad201ec5f34475f7;ad972b5f075e9f3f59bf1c3018f11dd18489da98718368b3893636d5502633ea;48856668285d456664de86e8d90960534c10c14bebec78fbc0731c10c1f398bc;b5a0b79a366a67a18324d06fa28fcb620c6ef973a62075a65eef695569a8342e
35514fca058d9fac8701f373eac695b7f20eb83b57e6b7295097086774f1c485,382,10,1636701,1742001782000,ALLIANCE,db3112d08a0bd5182bc3dcfa4bdedd79f44c0ac053835de51698783a1d701d1d;0ab13d7373fdecfda93df50ca87db7fbfe3d5da28d8d98ebd93323ce761591ff;1d952885f354fb4c8ea4a38c19d546b07b5ed0ecd93639b0bc2b649406980029;45f7e7ce9cf86394bc7f90a7b14ab386e274eef070522bf538a923e03e145872;fccc1622f1cba8996b17589b310e2736b3e58d38e8f515945d74fbbb96dcd40c
6140a8995f3cb88da59abf82c81f7a3f24f720f73f67fef25b97f4884ef2eda3,382,10,1700413,1741897234000,ALLIANCE,a156b4beedb11401e57df75673d0012b7ee01f0122cd7d60346fb7fdc6811056;6a6dab2cd51588ca3cd1468e374575ff47441ebbae35b23dad74340b808b7c42;adf61f67ecd359fd5eea50bf65b562413c3dd91ba0eb9524d5389a44ee46e3cf;f691eeba7798d6fb93252a6b66b1bc585a53d5543a2fd60a0aeb063d773f5ea2;77a9668f59a6f4fb565767f09007901ed3f582bde566f2b9e970eb6838ba824d
13339d3e3cf321e9c801d08308c0a0fd1a62ff2cc5e60674c8164bf36d429e6c,382,10,1705264,1741985916000,HORDE,1112d26e5c86d922b91adb61353c1f1e9c73ea84e7801394b4f563633d4df157;02f46267907d30e155217ee5f7c0c08e2d7b81f0632ccad30cfb8f10c79f1fb0;26f831dd31eb25f92e6347c13dbaeb3984e0d8bba8f1480c7d980a7c103b151a;8c1486524b7a32d6a037d8e0dbf38ef22870ce5b7bd51682820f46dbffd5c5a5;1831bcc3fde5102b3a71a5ebb9347b6ff5fc90b85e51813f1f2e8bdc87223e0a
7264397074c7b6a95000188950662db8d710d5ed291e5fe7c221aa11e822cf23,382,10,1724174,1742182167000,HORDE,7d8b9f1001a4cfef4224d3f8b1ee18fc3c2e89bf437911bf0763784d05162cdf;5bd2fe10c8e099a0a9f3cb58d83e6980bffafe927c99d03c12f6bbd3c2486267;9a0b6f534d84bb717fd10dc56f16f071e5309cbb33a021510e0da72e8ee06abd;205dbce951660a288377ec901645336d6276c58166af9c5ca0da0ce889d55346;d60576eaddb922798855c4c0abdea12f92ba1db72ab3dbe1678125c77966d03f
4a7657e8296411760a00b451f0e97d85a65f59fff53ac1430d6490560494b578,504,11,1898784,1742253972000,HORDE,2f0cddcfeb057d2c14bf5ed73f5eed362f0a731952d82f17f4730315f1a912b3;77b7b93a9f9496925758f773b44a59ac3c6e6d347af340337d92f060d6365565;0b11a50f8e9aaf0f5ad567d84f7aa04f9b401218e9e58fc6ef368d9e67ab53e3;7b31cd03c57799fb41b6d57604706f89a639db242b1e8a5984edafd1a3c95f5e;8cbcdae5348525a0d28fa0cca947d4e3943c88843e64cf6dca484a703945ff63
65caaf298c888d0ea99f65324f3736d7976bf11bd6b816932a5286972c8bcedd,525,11,2546211,1742165854000,ALLIANCE,5d49501ce61b87582b81940876eadff5481c99f0a425b8ae36487f8d2cefda89;a717e6adb78339715043eed7eb67bc37760c415bca40f2d0249fb33824e0c886;921c1cca7498cfa03d22dbb6367bbbe153e797db90de30a65affc02898cba43c;0dcfe77afd5968d950f473939b3f01dab50483c552f872ff6a569d510e6d0df0;5f72c526b154295a4a67f66c7486ab23ad2bb597328d58cf3472c6d6a1c5a533
123636cd7aba0026adc6527be0c5345635d98afda12264f827e27fb4b4a45e7d,504,11,1935348,1741728262000,ALLIANCE,9fb6a56e67b4569bcc01e770abc1c3a9333ae8dcb46813638f9803403c18f12b;fc7d3a8fd79a0b290dfc8383fd4e0f2199d7ad13da39b6e90e697388a121b027;725fe12176595caf59a15b533145dbc557462581e14ff68f1a7c915b1653d381;68593f06edd7e5fcfb45d175746ac8e06e70cdf81dfd744c0b55b026dca226fc;60f928bf2b4b0bbc289f1ad7481ca1503240f39561b3c3b128283619e8216fc5
e4b956fef1a7cb98837a7369378b564c33e3bc0cafd3309b3b91e5b4862e6ee1,382,10,1727774,1742146509000,ALLIANCE,579678cf22681d4c95a97adce75b366e53d71b059907f8b75ca672e998874256;8e2ca68521df2b56e2c58b3389a804c09de17e384f6960b4d8591a86cd36a8ab;93672a16a73e84ddec3012d9951fedfb9faec9dfde66e61e220b925de438d2be;3d8a8d69099208ac995bb63a765d04738c8529f2538f75132e5aaf0802185e16;257f165ab8328448091da947d8fe3fcd2b801827791ca3101c6ee022b650d307
9abe94e5fafbd1dd843f6b09bfc3aa7cbb45bc72cb8ef2c60dc4011add2159fa,525,11,2571474,1741849508000,HORDE,d48b638aca0fa5cb3cdf55584cb118d16a04dce6747621eeb24a1752b7d65847;5f70fb694ed5974d41d45ea0c34b8b10b650f83a20ebf10602ec5f7a206ed3f1;d98a84fa6e4a20290b59fb33d1d1f20bbef4836a30b28437e2270a731e8813cc;69d5054256535f7da52352cf85da47b32ca0445866e0ead19847bc74e9837d0e;491269a8abd6314a58548f3b332c131678bc48573b0780d422ebbc3819acb6ee
02521bfe3966652850342a88b22cb4169bb4bc1cfed7b6b1a5df42a4b8162d26,525,10,1298581,1741814485000,HORDE,85477acc287bf1dc84f9cef57b443ed30c28ab232a7a9689f85071291784f3ed;8e2ca68521df2b56e2c58b3389a804c09de17e384f6960b4d8591a86cd36a8ab;d92af6206b39d5c3334126788933338a00ca22bcd035e4eae0162b06e1cde6cd;c143a1c7e6a7370f4d6d0ee7f16624a7fb642f309be6e6eea3054f8b65abf639;48256522431f49264f34233411a8a739e575f7a0749c13277a913fe6a39d58b9
0550a5b7add267bbbcc6520e4c1a0fd268ec1839f3c4ba9f356350b45d95ded3,504,11,1953749,1742084362000,ALLIANCE,8fc15a9ce308bb1751c9257cff8e84c5f4db797f8e71bb37d17fdfd259022eaa;9375f2168c4a4e5a687e0dae8d23c99febc39f966ac6d3602768b9dd707756f6;4d5c891b138681e4e574a14ff60fb6998ca28e0877db37ee797b01f123f18837;daeeb6c7a4590afc9ae0247722860a22bbfb137375fe6fc86f12eca137534670;921c1cca7498cfa03d22dbb6367bbbe153e797db90de30a65affc02898cba43c
499d88003fc150df40db7b5a5472e40bf65ce5b8a7b421b7a0c518f9d38e79ea,247,10,1614381,1742013910000,ALLIANCE,56f84ffcde394fc8ae63abdb3c2ca0c5d7ff12485b0ec3fe9fb3cea9f967f244;d30727ec9b6cec5a232d4ce07a7235178c600accdced4b29a270bf56eff36a57;1e2777c27b3de1ec5dc97b522e260e6dfaa1c127046ce20e0af0b2ad93606abe;76adfe8299235645503b2802efa275a14e275786e6e0c09acabae11fb33f3aa5;43b7d95943c34eb38f2c17692f23ea944d1fe052dd97a27f2231f24d2a67c3ec
651fdfaf483e642a38f2ad430bf123ba55d58c8c5f202504364e74f07111f71f,247,10,1650914,1742013368000,HORDE,dda3cd7ca4d605360760f54b77800759fab010c81d04f1d9b39d49d4b8d01141;6554c1ef7211b92648f8e193b8f46b1c6cc0a7718eacffcd2e9ecf47fb4f178f;f115b7107a2af07218bde70972db814d68f1a6d90858c546c5b8e131d8ef61da;9e361e78fc01a226a72c60d10e145436adb8d4f2dea0eb5933a5b8004d071e3f;67b1f3ce156e8f521d3c529ece84b16c712eeda0551eb77e54100f7250653ded
154e77d46f3e969e0fda5d7589aa64733394cca036619e5cffbaf0177db8017d,525,10,1455553,1742016886000,HORDE,d98a84fa6e4a20290b59fb33d1d1f20bbef4836a30b28437e2270a731e8813cc;f5c2b29d43f67a849b8f48b7643253f4aff026e3d10a358ce2b90363f15c28e1;69e7b5088189dd12ac833a2ce19fcf6f75aabde489cf6526c9d3b4432c77ba0d;ce58c312a591b550e6348576ef8e8f681c474da81bf56d08b17f99fe80a2edaa;69d5054256535f7da52352cf85da47b32ca0445866e0ead19847bc74e9837d0e
a8d24312c67c1f074dc84ffdba91473282f09d561e9b4353486ba82ba50ed1d1,525,10,1483832,1741823980000,HORDE,4e6b7bd84e14f7ce75199334d500e41b509333b2f51f1b2b79d04785d563ccce;0336833ed41f19f80b927852ef46087454f03ffac71f3545dfcc3135770e6b5c;5f1a963164e11739db8cc3b649f504cd97d5e713c0e0aa2333d453d6c935d0fc;4ef61f32d983809f98d53189f5e501c770bdd759e85eaa7d2d530b550e574688;f2d37a6fbc22d83037bc48d2f293b3dbe22f38d535219e82a34a9f039dd7d806
cef1ed21efbd019e74ac8ceab2ec3a3ed2e7cba4bb84a291dfb3c9a40a1dfbdf,504,11,1954836,1742260390000,HORDE,bea2428d62c55a549ac5ee41bb02e61030a52cd671caed400395d795626b6571;b08bc1daa293e39ad2cd46201f8143ad43356884af9d00a2d34b74b9cfb21518;2e7ef481aa827db94c137b669e0094c5b104a3c45b55fb88724863d4a40228c5;cacdba524d8af1b4ef4e11ec91cab855bdd848101fbbecc372a26cf628c7c74c;dfe22c7671faa0582c9f9201e341a31dbecdfdcf41a30c3f73af590665e5794a
2201cccbfeddb1327a5bbb9d6663303d58aeea9b23faf4e0462fc709d2bbd2d9,525,10,1583978,1741760279000,HORDE,5eb47e22d401d41551a41ad58320280f7cf9edaa484c95f186c0740ebdd9865f;cf9d6380a8e6221959eb3b89aa7aae22b920cd8161c4f4e96f7725bd39feefbd;557f024c4660ea74734f1e3163ed9e907b83290334f7fb9e09795dbd71be11b1;d48b638aca0fa5cb3cdf55584cb118d16a04dce6747621eeb24a1752b7d65847;69d5054256535f7da52352cf85da47b32ca0445866e0ead19847bc74e9837d0e
386138d318f81317e75460f804a818216caf1bcc51b0dd2ed3df1a9ab0bd59ad,525,10,1625709,1741757530000,ALLIANCE,e24ab22bd1fe5a20fd4fcac0937008b28fadc93a56879f24834b7935cd28296c;08f632560617ebf3d78d5591e3cc4ec5351e3d14f13b5c10e9981593025ab499;5b89e208e9463e24e03ef567d5b3dc1c44cc847300a44d73149030004c9261cb;9993252aedc11daf0cf78c9e536a9d0cbac0ecdfbe9c84ecb56122b85e71e271;38a4d1f225924a6692e48d0f9759f773b6ff783b9b49872f9104e42925d9798b
b718a56224ac5500cb998adeb6e187700c5896a08ed8aa3b50de33caf230f722,382,10,1778730,1742175682000,ALLIANCE,4220bc23796d2e0a1efeb20fb02130763bf94616fd1058cfcf516402f32e4ba3;d98fc702981768395b35f0f239d29708ac6cfd120a21f82e05d49cb4069630f5;5f79c6c3fd9682b2dc5c16940b662f7efe74e48cc145e963d1621f9d3400eb63;02d2f1c1a6ea9e12ea51bcdb817c235a83923bb9ac95f7c0eea097b0eb3fc07a;98e3cc3806b1b6cb2dd2611f70d7dd370aa558c00937953f58c88ac8caee802d
468c22f24bfee30829a31ea763b56c7017c58e177a765c0a0b073cd106a0d78a,525,10,1631228,1741894033000,ALLIANCE,b60e9e16a201ea20b8a86f821f3de073dcb1b8656085c6e484a99083060a6430;d669ce41691cc8942ce0e2f44d9782588a5516520e5d29f82e8da27f08e3f244;a70fe36e5af36da3e9a08c1de83378150d3ac70979c78466195bd2e9e2def999;9bcab80ef8230e2cddc6c989a511931a8af2264f3020c08134107a860252b336;f691eeba7798d6fb93252a6b66b1bc585a53d5543a2fd60a0aeb063d773f5ea2
bc4eab1f8c49935e4e285096c62075ff597bdd799660b4959e5cfddb15c08ebf,247,10,1653588,1742089651000,HORDE,921c1cca7498cfa03d22dbb6367bbbe153e797db90de30a65affc02898cba43c;076f6cf846974cbc3f44ca4e42e129d6f835cd98b0b84d729b234f6bde171c09;ce1a566b25f1d148a0283bb692fb17f694142bbaf96d610cf99d19309c5ef780;76b732b39e7fb68e61bcf9ce392a95ac67a99dcb751d87408da3dfc7cae3cc72;8e0af67184d364e8f111c8f9c6c5692728f84004886924abee4c3c67b1fe2d81
dfa6e1f6f5136992d6f8587ac7ee896c60db20b085686c90cd964318d34a59a9,525,10,1640778,1741911959000,ALLIANCE,3833480ca0a38c0448e3a2622596add1b218cb0f372f5b606dca2feb49ea701c;6934877deeb98263e14d49b34bd29aa849996fbb05587ea956cadb6e6f3f58bb;80a5a961a1c8f0f63528e37c9d2b9f9ba9b139f63d45ea6f7b6b75b009c3ab61;9ede3f2c69ad3f1559824639c696ef8800e6c073dfbdefb225c9ad2f906bec6a;ae8d00131dcd2dcb551bec15ac4bf5bb6cf40659c5aa6fd92c9e27843eb8f817
be7139eaff36c81ade5bf0bfdec20e6050bfe31ab7845b0610042276d13a3cf2,382,10,1792434,1742056476000,HORDE,07a3764200761cef9cbb0eac704c3c44aad3b184b4e52c90e8580568dc380044;fa356bb96ec23b31dc171da06f921843399221ae7a13dbd0485bf61ccf1d5784;8150cd5539ff55948eaec85d5f87b6d11f777f915c4f55cfcef67356aba54cde;fc8714475de98d374f8a14a2fc01933864841435354bb0a9374af09803f8e5bf;ba20e3ec423cf77b14f081c1f266df0f2ade2758e0dcb4fbf492270764865086
0d10a89011ed41eb3d0e7a9000236b1a3f15f16bed5f9beb06335616eb503e0a,504,11,1962950,1742083658000,HORDE,636feef34da6bccb7707be6e9e2583231ae5c357e45d8fee86baeb672273b371;3a82542c6419718327499e6a9f0d8611ec0c9540a9efa82a59178c639a92fcbc;a756820296acfce68fc6a44dee44a648e363e9dc50b297b5f9d4a5e39fa5ccc5;c8f7ccb1fbbe4f8701a5c5db44e2098d0bfeb70482bedc5e5ce365b216c5ba0d;3ba8f14e6dbbfa237952d79764d118f2c7a0cea53c7cd9e58fed17b25cc90064
800ad44c5a8d38edfe23bf8a3bd6491dca0b68d8547612ea3cd72586e029442d,504,11,2097264,1742303801000,HORDE,680a6324c5922fab585aea3c09bbc211d991b4d1881c8569753636f62105e1cb;faa056a84a3b105563c7542c521a187d45feba6ba7e4649dc13b1859bb1e04c4;4a035a0b532ccdbf98012de785766041123b40783ecb71b2c479eb1625b4c120;3fec1d7eb92f020caf0ece2d6ca72bc2c11e39f71e4f9279cc9abca26d39d59c;a9494eb1c80ba2703caf03162c608b3b8284827ae7ad7a937df135eee688cb49
34710131ce057f0e064a94e5af90dadc225d062c7acd2301361e32497819a4d6,525,10,1640827,1741754392000,ALLIANCE,fccc1622f1cba8996b17589b310e2736b3e58d38e8f515945d74fbbb96dcd40c;1d952885f354fb4c8ea4a38c19d546b07b5ed0ecd93639b0bc2b649406980029;165908af64e19252613fe8b498387b04a33bbef7be3d0165b86f42dfb02edaab;fcec50285b89425909814743be4ed9836428049f7851f65ef5842df1097281cf;f150557eb2725ae2dfb9448071422628176d44b3985a2aafa89abd1c04191982
55d86ff3df63fd666cc78535e534e3788c65d40d2c8631425841ed95bd4aa5ca,525,10,1660197,1741841939000,ALLIANCE,a4f596319479b771612af578908df92dc7fed5d5bd63660565cbc4bb26ba6f94;5f70fb694ed5974d41d45ea0c34b8b10b650f83a20ebf10602ec5f7a206ed3f1;69d5054256535f7da52352cf85da47b32ca0445866e0ead19847bc74e9837d0e;d48b638aca0fa5cb3cdf55584cb118d16a04dce6747621eeb24a1752b7d65847;491269a8abd6314a58548f3b332c131678bc48573b0780d422ebbc3819acb6ee
dff5a32ef7b17454a2e43ce5350af842fd0c107dd1325dd882cc0338aee8fab6,525,10,1672421,1742088629000,HORDE,94a884c57a318ae3cc463f6bc5a6954c02a649049fdc865bd0b47fd7b425f4c5;db65c0b9445907d80f9a70fcbb411c4bab4d21ab66d61168c4e65d55ea005330;71310ddc123a7d20e354876398cadecd8ca8387e19f255bf9a90fa9f306f63fc;6282d9f1627f28702ecbcc6fd436921bca1f216514b2b39dc6bc931aa84c4824;ec85ca7b24307a0c8803ee104795b989469090ef9e7a9faa637fa108d903043f
dae3e2dc36e87c3f09fddab0d3e071f40cf956cb671a9314c23f0c3d088afdcc,247,10,1669275,1742267822000,ALLIANCE,34ac0c4bd3d9a80755648aa070c1d613f368ab5f39125f3111a49e724525660e;3971793b19243eac4b609a8f00e82d24f1028c5639f98e3c9a2a866db1c291e2;d82a09df142cc420baba18cb0e981f327249da7ddcd5cd3ad886622e29ca5c87;09e2de191c2a7106fc77b4b78f67f01cabb2b13dc1fa84b637786cd2f44d1043;754726959f73ec4acdf5c67bd1173c7b9d56cc1ccd5aeaa63c82c95d040431e2
f27751f68a79a0756eb3eb70c0591ec11236e3da1b798fe6234644ed3ae677f0,504,11,2142072,1742239315000,HORDE,cea3f9c007c0fcdc81f884630767a33e277be11b75e02be2c3240abd000b4915;4a0c1cba36c0ae65da12dd0014471677944d4c7cb4cb9f8d1179ddf9df2b2cb1;f1f9f62844b25f3c4100b340bcd2c941a0a22fc03131d4df238d20c99b65d75b;ed15b697e3e5ba64ded222a2beb06330824d23cb9fbfef5184c94c833c13a72d;fc8714475de98d374f8a14a2fc01933864841435354bb0a9374af09803f8e5bf
26ebe5a5dc36d4fab8bdcaa16422b2729e645ad31c757475c8f506e945891bd9,525,10,1674691,1741826284000,HORDE,1458a235b961595cf458d6cd8e09fb67c087b55c689a11a768b3b01e43db309c;f77ffe7b821fdf74e7a4c91514e3f76a98785e76a9e12651b18387f8274a6e96;916790b9e84927c7522a531859b48def5edfa7c6b6851bf5f69357bbf5de237c;921c1cca7498cfa03d22dbb6367bbbe153e797db90de30a65affc02898cba43c;27cf5d4d018e3356548c7e7cdc402e4ee0af21eb267df3f03c417edca87ce64b
9b6960f36dc5b0500a1eb8983ba3eac23798409d7bc1cc69891d343582cca78c,525,10,1713521,1741888808000,HORDE,8cd1d2aca6bec7c4d531a2856f9b474da8181842801c62398c38c7a90ba33715;02317a9efb12b4d67011303e00046083f205f7ca6b72d883f4dc17cb99cf91fd;28406afe99a222e61ab50065d71ca91a0e83d03db7d97fceeb90e4e54760e488;862318078e9513a9cca55ffe7998219453bd61c68efeddeb9493463a864c65ff;969b493dd319e365a7dcf135f69d6f2300baed7ed68e33e37daf271b0ed5fb17
43160061b5a6aa1023b25474aaa2b10ca0d0a63850a9f8db828f35902cd6ef86,525,10,1733107,1741804482000,ALLIANCE,43e824edb0540012b653c7be07fceca1ed7e002afd07beadf52995890e18d9e9;0969aa3927c4869310ab21c0f235e4d9939e71e857f769cb1412578bdb4f03fc;dcb18b61da1ae3d8ef17ac384a0c4c80365550850f44aaae91a671bf7f8f8148;ef701e0ab2ad14cd905d94414e5501715219ab740f766953290dca11e47ac348;69e7b5088189dd12ac833a2ce19fcf6f75aabde489cf6526c9d3b4432c77ba0d
208f7a35e43971fa213cd7b1d144ca903301d7b94cf59a15421d7839d8fc6f4a,382,10,1800050,1741978401000,HORDE,21b63ce6c2a3b8fdcb9f351c841758bb01d444c4e49e2e7113321b5e2692acb8;510fee91fa920af895d2508b48dfac9337bb42e61ca9dda66d57bcde1ad75885;719d387bba3d5e71359b58bb2f6b116d612cb712dcca8de96617d97c98bb0172;2a6c6e516ffbb03609e13991f3a3921bca4e6962f3104df9b40ad2e00fc7af7c;1b6e273af83f75f113d2d8a184fa11dbbb5af8997aaee5663e99e88529c6ae0c
a1cd32140314c8ea8abb293d20fec47868d35a0b89b875e824bd3a229bae6491,382,10,1815597,1742017666000,HORDE,d1e322806937943e533fc1cf3ef16eb942563e158611087dae174cbed8eec0dc;328087280e950048b274153969b46f1879b74903412d8ce990125bfa413f4fc7;31dc907f906ba90fc39f2a799d6ecf8a20955a02f83a34894f6273356d473442;7f69dcaf9b848b430e505704da14ff0c71d5c966757ef0e8fd9b6439a7361fe5;bad7b103b9acdbd8b6e7d2649fe48773a2123f6161781609f57ebb522ed1058a
1d8d57f69647288f81225d37818e464f61b70c3b0979add74a703171d996efac,525,10,1741309,1741897622000,HORDE,3d3dc02228a54f38417e35bf12efb85a99a9e962bda98cc8d33008c5fd8738e7;bfe983bc33c9e780f1d15ad0ace8d0fdd02d0d0ae9abe461c6a80b70f6c4eb59;065f7fb1d4e09072ebe74c67b822c3684472ea757b306dae9092a8ab8ee0b970;10349cc205960be998e68374e3d878010e819c6530ae8f8cf348dafe0448b55b;9e361e78fc01a226a72c60d10e145436adb8d4f2dea0eb5933a5b8004d071e3f
43d5a821e2e1f6f41765b465e66223f0703f1f14fffea5ca16fca0515a3725e8,247,10,1680780,1741861100000,ALLIANCE,ae20bf3de4c74a616fdef6f63353ea35ff3bb4dc30c64f212272fa11cafec306;0f05824064cb55b18769a8359da92d2b3e89fa50603c72186e2167c27a54da55;b1d2d1ca65d70a7915030e9e7317811914043a1c1d63bcb3775ca9c301ca0ec5;20a32f69f8e9f629cb565e5ad003388829183bbafd5ee462380f19eb4e212c0b;384b24c9940b0e741c98ed9f5e6727adfd00834ae983b7158cbb1d97951e9080
414b73a48f5f551c6605740a8b62b60d2ed46e5233dd6fe878d4ed35a98801ce,504,10,1210984,1741720179000,HORDE,1ca4e3fa3d0bb4432d72458a9d058a762359b3d431ef8a3b1d932d84391aef91;1a5e930f862bbc741c68dea9b803dda90248fa50ad64b595411ec844840648ad;486d5014c4e10e16f2d652f25edbba0d0164c5e329acf1bc9081053559c84427;6d759393105f7de4331fe4d76379e829bba4593b695a236ed155339718ef283e;03850766a10fac02bc54e6f8d4a5f22b7489d6f2aef330da77ffdc6bd3a50a47
715956784daafc432e1d4e796db6b77370af3380eadb168f821b34ad9d576811,382,10,1819632,1742216160000,ALLIANCE,bcb3658362b96185337cb5f5bcebc60e556d981591c8104827108e857d0b9257;d99711502684cd500f101efc40ac34315920526385f4893716355aa6b6b6d312;60e624ca25f536d1b5d88a8117047bfdaec77df7a0005ab255787f6925a0f501;893e82a19b90244cf7f7e2dbd974fbd71993113f6bd4a0abf52a87757af7e45c;dd6dc7c97dc176320cfbf1e590ea158e2ab827abd9ac20419e8215e34e389818
79363dcbb69815500e4c95df948bd3a738b908b440742674842bbead7f3469ae,525,10,1759116,1742162445000,ALLIANCE,242c0ba4f16fbc085417dcea6b736c962f9f7a0b8faac2b0204f4fdff8625179;ce21dce7a63481c0b9dffc5a275194ac0b362b29ebbb7568c635bf2f5fecb925;09e9fe8e454dcafbb1a9ac0dd58f6d4754378011ef4e16378785b0d39540f4c3;ec60de58828c09a96128a0404745c1fa69025100e6e27f9de2c9e4ea17f1d939;56f84ffcde394fc8ae63abdb3c2ca0c5d7ff12485b0ec3fe9fb3cea9f967f244
b5a77ab4752e46e477a5529372f32f64822b6193a8256bbb212dbd5890316b2e,504,10,1320773,1741811314000,HORDE,f5c2b29d43f67a849b8f48b7643253f4aff026e3d10a358ce2b90363f15c28e1;c27419fd8dd3a5131c799a73f1a91b1edba40be30341aa044fdb0654bb324227;5a5cd257d8123bdf7bf3541f1fcd558d857d327e164e040fa899384acdb11731;67848ee91b2d621b22ad63e6ee67701e263c607c165cec3824768562fc3bbd67;2fcc42f9774d3cba2a5dd99e6c893ba7841a7124795db84b3a509e2a31bcec6b
a4062cede2032c54cfcf517654e7631b4dc0f566d28db706197527e6e5e93c74,247,10,1689604,1741994610000,ALLIANCE,f691eeba7798d6fb93252a6b66b1bc585a53d5543a2fd60a0aeb063d773f5ea2;8ad5a903f69414bbb84358f35e5a1d48e273223635319c3e21766482fb69ee97;077735a3d260588f50802ed5d2e42986d360f2b12d7bedcd0608a48655455d30;03bb6aaa24826ef22fd4b707649f842531e59818ea617707bc4753132e9f049a;e44d141fb39fe80bbf4e61add8d8176790708767ed5021df02ed147a2dea7909
324d2dd7e0caa5e6b9e57c4ee7f51230e3e9178b9d5dc9f8d983ed5c0cb45993,525,10,1762562,1742006112000,HORDE,a9e168aee94bd94b664ecab28ea5bfaadd37b3a955adb61fe49b494f904cb248;37908b8cd5210710103b7a2859e6e328bdad4092a35f6703b600faa761048a01;fa7033fc4fd2a3156dee38414dd3b1a2ec96af6fb0baf47aeb7615f1bfc641c7;2fc082057c381aebfdd48eb9efb0cbe2336d0f98c28a099dadc7e456aff752ac;88b52f3df9cbfc89e9b7a68d2defe8f568b7f31c0520ca8a3c4392d7f4fbb673
feb70069190a8a20363dbb12aeadf7fd551f6e70983959e748e4552832831b0c,382,10,1827502,1741889856000,HORDE,c11d1d982a3207a3078f86ff414f459402d157f144116261daecdaf2324adc39;453802cd129da105a0717fcee4e9e6012eec111a918996ebe289fb98778f219c;3ba8f14e6dbbfa237952d79764d118f2c7a0cea53c7cd9e58fed17b25cc90064;82b1c69e331b63a8845dc1a63163279dcfa8273ed80de9c3798134e1cd1f333c;3a82542c6419718327499e6a9f0d8611ec0c9540a9efa82a59178c639a92fcbc
b0997757868e0835778a2303641b9218111cbd8ec211efae81ecbbd05e421ddb,382,10,1831884,1742184049000,ALLIANCE,6282d9f1627f28702ecbcc6fd436921bca1f216514b2b39dc6bc931aa84c4824;14a269a91c426a0890d2a4c94f0e3f5bf4ec729918a8c2e4b193eec1aa797e74;cc7d3e007a03e6ff6c03a581358f29f599972a4a565e6f1bd7d56b6b246e5cdd;8491357f27de020eaf89b0faf73d045a9fca52837a34a965455ce583b3af134b;509c65b9ced7c86c18d3b0761693602d09f9a0e2af965a5bbfc7c2cb4c860506
ff70d8fb4978035a304be2be2b9383dfc63bcc394ce244f83169cba6805d2c13,247,10,1710986,1741981189000,ALLIANCE,cb5fb406f70e4093dcd6d55d621c3febfcba88ca09494c51755c4cfa9884d784;e3dbecd02b6421494e17920165894015e3ec7a9edf68f9703fc7489d34fd0735;12b749866c8b9291b3afbb2124283eea7b023f6eb1f777bcab742b38a697e1e8;dcbb5e48f8a2cc83d8ae1a20507f1b7ba7c49b70fd4c8510598862ce28fbf745;87e7cea5519ae46d079d5cfb8fa3f2a78a1df93d742579371eb5b8375381b2b8
0d72aa69051582df626bfb36d8c391ad69728921da4522148ba99dfdd3077deb,247,10,1731111,1742140140000,HORDE,e3cbca234d8fcf0c2a090c0efa3e9b62fbed30eb43b628915af4c607fc786a13;13fa29357505f98558af1c3d91089af741e105e929ad2b570c5cee9fb03860a2;f2e571131f68a69c75bd8361ccff58324f4892593d827e5e40b6bee5d48e54ea;6282d9f1627f28702ecbcc6fd436921bca1f216514b2b39dc6bc931aa84c4824;90ff8313339041370020ce2a37dbc60204a9a977fe4fea3d64ab60bffdaa7f35
737229f4af5840820633e40a6d9e01649fbe89fc35fd042b7e8e6651f2562aac,525,10,1773432,1741921759000,ALLIANCE,da26997bdf28c4e2583ddf6165e99af47ee72c4a47705ac47b205b64de741001;8228e959013ee71f50e5bb5c4c55847e07a1af581077e56dd5f62402b9deb0c4;de4854429aa0a94a91cd197ed7c05588a45e8964339a27e636f1e97ce74c6ccf;c249d054dfefd43febd91d3ea51d1e456be65b402006ababf0a119f2fbd3eb36;12b749866c8b9291b3afbb2124283eea7b023f6eb1f777bcab742b38a697e1e8
8df7c87e84e9e351d35e7a65939a1600862d344f0504aebf1734f4704f9955a1,382,10,1838444,1741723234000,ALLIANCE,85db4e4b5357b74ce1d97988d4b0ca31ed279f1855ce423aa5919f5889b6b49d;70cd4ee4b59c5fda3077f13e7caa429ebe81efa34e0b711990a4734a44535fc2;d43c9b4c805da2590e92efaf2e33d1b903b09316eb76bc91eb81f71efa9ece9b;c635693b14017b867e1a391043188f9a8c26dc7277d1a1aa7ddefb1652b08fe1;43db3e2809a97cee662ed5eb5a670bf16a65bca54f62fc7d2ab166edcb390d03
9257af58d1a08c329d64b4fb2244148380baf7dcfd16ba5ed090aef14aad2a5e,382,10,1842524,1741976288000,ALLIANCE,384b24c9940b0e741c98ed9f5e6727adfd00834ae983b7158cbb1d97951e9080;2abe3f2bd134629b108eead4fbe391a571f253016d927db129faaa0286ee40d8;7f869dc0effcc720522f2ac95ac4d7bbe0a535adc1bcaea5ce3dc87dca01e42a;0b7ecf73f423ea09134f15084774f303e4f9d27da4267c0999db25ce3cb101ac;edd098b86113fd3724a44059770660f0f64353a534b8cd32dba505cfb27cf0a1
3d01e5740570ace80ff44d6328101215e432e1f6a1af83f165647e769ad9cd97,525,10,1786306,1741856875000,ALLIANCE,395d40eafd0ced10130e172b3844de1563d7cbec6d471022292b81aece882130;94bdde0362bfda5b2818b82218c50f33a18cda4fcac9e430f19bd38730648f5a;24a1f118072758805a0277ec6ff0e6895376d7568064f8495a910a7626dd707f;0d668739859b29c3d805452d66dc5d6bdb0ff7e275220a0d379ce83347e0f834;214a0d61ebf7967aa00e4ec25c9bc2d9ec48106ca8052c130a0979c7c2a3783b
4eb374242cff8a3e6d5eb4ac414e8652ef59ee10c2cd54e0689fc52d35d36635,525,10,1810742,1741979585000,HORDE,dd6dc7c97dc176320cfbf1e590ea158e2ab827abd9ac20419e8215e34e389818;c4442b082bcb9aa0cf0ae1c85b3e2759b297eeb0c325cb6b8432a4d4ae497c1a;b50c59e7439950d61a31f63cc6d814ba104c094b3e59fe3290737b76885deb6f;20c9dceaae846db00fbf8238009a72425b1ec4e34e284f33ac73cd8f0f633d02;a802407c6c487c44c09281e4cd2761dc362b0881a4bba63bca4678cdb905f6d1
842f854a7606f86107fc9e08d26b14f3ee4aef13629998b88477fc58148822c3,247,10,1732454,1741811166000,HORDE,69e7b5088189dd12ac833a2ce19fcf6f75aabde489cf6526c9d3b4432c77ba0d;7c15df01743266294a119348342a3bb1a2d048eb03eb3b9cc352cbb9a8dc29fd;83ae6efb4bd59362d21378d727de95e7452290d1941e37c05f92df5f60d5aafc;f18d006dff8c6fb77a0c7a2da36d34110795a8ddee8af521d88b44c5e4936224;bac0b2e7fb9a1d9ca275c39a67684b7b468858c6eab7c97fab98529eba995ada
d7f74a2d849158c2b9d5edfcced2bc287456500b55d26afae093981d4894dd11,247,10,1761892,1741901477000,ALLIANCE,809fd54d501f9dcbb4dead1316abb066d9bf11e0513ba8cae585c8b18558d21b;0bb2b790efc6c87568bbebc4f2aad2830e52a17e7518146e8c3dfa211e67400f;f7248784ddc82c9f21f5188d5964ed08570aa2b8f2225fda8c8e0742158b36e9;8467554ac62646418dcd42784cebf4fb430d7c70950d4246327897a5db15b7a7;8d39a4e7e24baca4065a3e9096e344c2aa82e9988897a7e2dc726a889ccb916c
ac5f1bfa0d7170d9d938fbf3048893fb6876a860c25f5d79ddf99a4bf5ede183,525,10,1823054,1742165625000,HORDE,680a6324c5922fab585aea3c09bbc211d991b4d1881c8569753636f62105e1cb;2cdbc1a90c4a20471117cfee9baffd31745fdd350b960d5012efef3c6fc60a22;be75b301dade350346fddb1d9d2d0b12cf74db4076b4f2c7a9a5669e88a0746d;882fadd3c9c73d11ef372decbcef56113cd21e756edb5df6a60175f275f0a687;85024fffd816a64cb97eca792da8491a2297cae0b7e5ed6a29585fab312755e2
faa3594013e6d2f0c7bac0968fbaf244b23b8195accf2c2e7d5b5b8364f045f0,382,10,1847750,1742272268000,ALLIANCE,57af864fd59b91e3e65647a2f5a1f4173b71afd99b85a4475922a70e353c46e3;5676764d95b600703ffbe5e1acefb0655a5ea21227eb2b7102d8126da2097699;1858f7ef5967971595813229806701c128d3ccbe6d1b8d62eacb725ec2b3f73f;21fd98c95e25a8dd0c9cc3ef283cd56d0452968eafbd936d20c8308f8e480dd7;9cd77001ea19d0cbbd6843817aa5963fc127b016cfbe43614d585c570b35645a
b503386264ba3aac10c4800977fc80b730e4bdc9ecb405642c786cffef0e45de,525,10,1841214,1742265559000,ALLIANCE,a753601d63fcf7800042316731b8882b5e4c7fa09ea4d3b2e35b74ce67151b7f;a11eb735bc2e3408c3a53c38e62a6d8f5fb100d8191e70383795b4475bee929d;c963ebe05041c49840aa2964fb13ab14f52075e4b1dfe299931df9ae38aead83;81d85aa924e9c03c8cf0484471c886b572c191435518b710a4fa179d06259163;bde2c8623a5723cf4e735971a44c29de0ff4e8b67f2191ead34987fd8586c820
ddc67535ea295e7b51258506d23d7301aa17551e4526a04fbba757d817e0075c,247,10,1761947,1742024363000,ALLIANCE,c734fbad14e716d703cc654adce32c70c31a09904ac792cf72d60439e9d4b91d;b49d16cd4931b754722e882cf3c42a32ba86ef3d40b5e68c3d4e1f38150bd71d;2dd94cf3b11a5aaffc37e504914a40852cc326c1c979edf66d31d46e32e28a76;7c0046b896ba8fc7ececdb6d108975f7b228c04d0b4086d0faf6f7835de494b4;eb11343040789714847a32b1203b0de73c8e2ffbd3687b3a1268e76e86bd9081
8616bf8789080ce2a93379165c989a4607cb5385160ec11dbc66ddc31b3e6778,525,10,1848064,1742167221000,HORDE,51cf93cf9cb792ba8664a50f32ca7f12844b657e9640bfaf01ba32938201a933;1787facfade22e4fcf55e60d5aa657b9ceef637efb080353865bbe74fbf0978e;bc0306d8ecd21c9c4f01ff12d33149dd6699c2bf8e5bbe2f976349a01ed819cc;fc89a4b8a747063b086de9e402475d9b49bf1d4d07e349d3f1a3622ffc4ef305;bf1d9880797b8a7b4ec117d701753d716a1386e2e4da2cebb2603fc6151ebc27
